Requirement_ID,Workstream,Requirement,Affected_User_or_Surface,Classification,Current_Behavior,Evidence,Relevant_Files,Relevant_Routes,Relevant_Database_Objects,Relevant_Services_or_Endpoints,Relevant_Jobs_or_Events,Relevant_Tests,Missing_Layers,Security_Privacy_Financial_or_Legal_Risk,Human_Decision_or_Approval_Required,External_Dependency,Recommended_Next_Action,Suggested_Implementation_Phase,Confidence,Verification_Method
WS01-001,"Workstream 1 — Readability, theme consistency, and accessibility",Placeholder text.,"Public website, customer, salon, stylist, checkout, admin, policy and reporting UI",Partially implemented,Some layers exist; workflow not end-to-end.,52af829ae8934a6607c32e1372c55d9f846d2d1b; src/app/globals.css; src/components/**; Playwright; lint,src/app/globals.css; src/components/**,major public/salon/admin pages,engine_settings,Next.js UI,CI,Playwright; lint,Semantic tokens; contrast/axe sweep,Accessibility,UX approval,None,Token/contrast audit,Phase A,Medium,Source + browser CI
WS01-002,"Workstream 1 — Readability, theme consistency, and accessibility",Disabled controls.,"Public website, customer, salon, stylist, checkout, admin, policy and reporting UI",Partially implemented,Some layers exist; workflow not end-to-end.,52af829ae8934a6607c32e1372c55d9f846d2d1b; src/app/globals.css; src/components/**; Playwright; lint,src/app/globals.css; src/components/**,major public/salon/admin pages,engine_settings,Next.js UI,CI,Playwright; lint,Semantic tokens; contrast/axe sweep,Accessibility,UX approval,None,Token/contrast audit,Phase A,Medium,Source + browser CI
WS01-003,"Workstream 1 — Readability, theme consistency, and accessibility",Clearly nonessential metadata.,"Public website, customer, salon, stylist, checkout, admin, policy and reporting UI",Partially implemented,Some layers exist; workflow not end-to-end.,52af829ae8934a6607c32e1372c55d9f846d2d1b; src/app/globals.css; src/components/**; Playwright; lint,src/app/globals.css; src/components/**,major public/salon/admin pages,engine_settings,Next.js UI,CI,Playwright; lint,Semantic tokens; contrast/axe sweep,Accessibility,UX approval,None,Token/contrast audit,Phase A,Medium,Source + browser CI
WS01-004,"Workstream 1 — Readability, theme consistency, and accessibility",Inactive states.,"Public website, customer, salon, stylist, checkout, admin, policy and reporting UI",Partially implemented,Some layers exist; workflow not end-to-end.,52af829ae8934a6607c32e1372c55d9f846d2d1b; src/app/globals.css; src/components/**; Playwright; lint,src/app/globals.css; src/components/**,major public/salon/admin pages,engine_settings,Next.js UI,CI,Playwright; lint,Semantic tokens; contrast/axe sweep,Accessibility,UX approval,None,Token/contrast audit,Phase A,Medium,Source + browser CI
WS01-005,"Workstream 1 — Readability, theme consistency, and accessibility",Audit all text colors across: Main website.; Customer account.; Salon dashboard.; Stylist pages.; Booking checkout.; Admin platform.; Policy pages.; Advertising marketplace.; Reports.; Modals.; Tables.; Empty states.; Toasts and alerts.,"Public website, customer, salon, stylist, checkout, admin, policy and reporting UI",Partially implemented,Some layers exist; workflow not end-to-end.,52af829ae8934a6607c32e1372c55d9f846d2d1b; src/app/globals.css; src/components/**; Playwright; lint,src/app/globals.css; src/components/**,major public/salon/admin pages,engine_settings,Next.js UI,CI,Playwright; lint,Semantic tokens; contrast/axe sweep,Accessibility,UX approval,None,Token/contrast audit,Phase A,Medium,Source + browser CI
WS01-006,"Workstream 1 — Readability, theme consistency, and accessibility",Create semantic theme tokens such as: text-primary; text-secondary; text-muted; text-placeholder; text-disabled; text-on-dark; text-danger; text-success,"Public website, customer, salon, stylist, checkout, admin, policy and reporting UI",Partially implemented,Some layers exist; workflow not end-to-end.,52af829ae8934a6607c32e1372c55d9f846d2d1b; src/app/globals.css; src/components/**; Playwright; lint,src/app/globals.css; src/components/**,major public/salon/admin pages,engine_settings,Next.js UI,CI,Playwright; lint,Semantic tokens; contrast/axe sweep,Accessibility,UX approval,None,Token/contrast audit,Phase A,Medium,Source + browser CI
WS01-007,"Workstream 1 — Readability, theme consistency, and accessibility",Use the designated Girlz Culture ink or primary text color for: Body text.; Form labels.; Table content.; Help instructions.; Dashboard values.; Navigation.; Policy summaries.; Financial information.; Error messages.,"Public website, customer, salon, stylist, checkout, admin, policy and reporting UI",Complete but weak,Real implementation; handoff quality/provider gaps remain.,52af829ae8934a6607c32e1372c55d9f846d2d1b; src/app/globals.css; src/components/**; Playwright; lint,src/app/globals.css; src/components/**,major public/salon/admin pages,engine_settings,Next.js UI,CI,Playwright; lint,Semantic tokens; contrast/axe sweep,Accessibility,UX approval,None,Token/contrast audit,Phase A,Medium,Source + browser CI
WS01-008,"Workstream 1 — Readability, theme consistency, and accessibility",Remove hardcoded gray values that bypass the design system.,"Public website, customer, salon, stylist, checkout, admin, policy and reporting UI",Partially implemented,Some layers exist; workflow not end-to-end.,52af829ae8934a6607c32e1372c55d9f846d2d1b; src/app/globals.css; src/components/**; Playwright; lint,src/app/globals.css; src/components/**,major public/salon/admin pages,engine_settings,Next.js UI,CI,Playwright; lint,Semantic tokens; contrast/axe sweep,Accessibility,UX approval,None,Token/contrast audit,Phase A,Medium,Source + browser CI
WS01-009,"Workstream 1 — Readability, theme consistency, and accessibility",Add automated checks that identify prohibited hardcoded text colors.,"Public website, customer, salon, stylist, checkout, admin, policy and reporting UI",Partially implemented,Some layers exist; workflow not end-to-end.,52af829ae8934a6607c32e1372c55d9f846d2d1b; src/app/globals.css; src/components/**; Playwright; lint,src/app/globals.css; src/components/**,major public/salon/admin pages,engine_settings,Next.js UI,CI,Playwright; lint,Semantic tokens; contrast/axe sweep,Accessibility,UX approval,None,Token/contrast audit,Phase A,Medium,Source + browser CI
WS01-010,"Workstream 1 — Readability, theme consistency, and accessibility","Test light backgrounds, dark backgrounds, cards, modals, mobile views, and disabled states.","Public website, customer, salon, stylist, checkout, admin, policy and reporting UI",Complete but weak,Real implementation; handoff quality/provider gaps remain.,52af829ae8934a6607c32e1372c55d9f846d2d1b; src/app/globals.css; src/components/**; Playwright; lint,src/app/globals.css; src/components/**,major public/salon/admin pages,engine_settings,Next.js UI,CI,Playwright; lint,Semantic tokens; contrast/axe sweep,Accessibility,UX approval,None,Token/contrast audit,Phase A,Medium,Source + browser CI
WS01-011,"Workstream 1 — Readability, theme consistency, and accessibility","Verify keyboard navigation, visible focus states, responsive layouts, and readable error messages.","Public website, customer, salon, stylist, checkout, admin, policy and reporting UI",Complete but weak,Real implementation; handoff quality/provider gaps remain.,52af829ae8934a6607c32e1372c55d9f846d2d1b; src/app/globals.css; src/components/**; Playwright; lint,src/app/globals.css; src/components/**,major public/salon/admin pages,engine_settings,Next.js UI,CI,Playwright; lint,Semantic tokens; contrast/axe sweep,Accessibility,UX approval,None,Token/contrast audit,Phase A,Medium,Source + browser CI
WS01-012,"Workstream 1 — Readability, theme consistency, and accessibility","No important instruction, financial figure, booking detail, or control is difficult to read.","Public website, customer, salon, stylist, checkout, admin, policy and reporting UI",Partially implemented,Some layers exist; workflow not end-to-end.,52af829ae8934a6607c32e1372c55d9f846d2d1b; src/app/globals.css; src/components/**; Playwright; lint,src/app/globals.css; src/components/**,major public/salon/admin pages,engine_settings,Next.js UI,CI,Playwright; lint,Semantic tokens; contrast/axe sweep,Accessibility,UX approval,None,Token/contrast audit,Phase A,Medium,Source + browser CI
WS01-013,"Workstream 1 — Readability, theme consistency, and accessibility",Placeholder text is visibly different from entered text.,"Public website, customer, salon, stylist, checkout, admin, policy and reporting UI",Partially implemented,Some layers exist; workflow not end-to-end.,52af829ae8934a6607c32e1372c55d9f846d2d1b; src/app/globals.css; src/components/**; Playwright; lint,src/app/globals.css; src/components/**,major public/salon/admin pages,engine_settings,Next.js UI,CI,Playwright; lint,Semantic tokens; contrast/axe sweep,Accessibility,UX approval,None,Token/contrast audit,Phase A,Medium,Source + browser CI
WS01-014,"Workstream 1 — Readability, theme consistency, and accessibility",Disabled controls are recognizable without appearing like active choices.,"Public website, customer, salon, stylist, checkout, admin, policy and reporting UI",Partially implemented,Some layers exist; workflow not end-to-end.,52af829ae8934a6607c32e1372c55d9f846d2d1b; src/app/globals.css; src/components/**; Playwright; lint,src/app/globals.css; src/components/**,major public/salon/admin pages,engine_settings,Next.js UI,CI,Playwright; lint,Semantic tokens; contrast/axe sweep,Accessibility,UX approval,None,Token/contrast audit,Phase A,Medium,Source + browser CI
WS01-015,"Workstream 1 — Readability, theme consistency, and accessibility",Every major page is visually reviewed on desktop and mobile.,"Public website, customer, salon, stylist, checkout, admin, policy and reporting UI",Partially implemented,Some layers exist; workflow not end-to-end.,52af829ae8934a6607c32e1372c55d9f846d2d1b; src/app/globals.css; src/components/**; Playwright; lint,src/app/globals.css; src/components/**,major public/salon/admin pages,engine_settings,Next.js UI,CI,Playwright; lint,Semantic tokens; contrast/axe sweep,Accessibility,UX approval,None,Token/contrast audit,Phase A,Medium,Source + browser CI
WS01-016,"Workstream 1 — Readability, theme consistency, and accessibility",Automated accessibility checks are part of the test suite.,"Public website, customer, salon, stylist, checkout, admin, policy and reporting UI",Partially implemented,Some layers exist; workflow not end-to-end.,52af829ae8934a6607c32e1372c55d9f846d2d1b; src/app/globals.css; src/components/**; Playwright; lint,src/app/globals.css; src/components/**,major public/salon/admin pages,engine_settings,Next.js UI,CI,Playwright; lint,Semantic tokens; contrast/axe sweep,Accessibility,UX approval,None,Token/contrast audit,Phase A,Medium,Source + browser CI
WS02-001,Workstream 2 — Structured hairstyle and service information,Service name.,"Salon service editor, public service pages, search, booking and admin catalog",Complete but weak,Real implementation; handoff quality/provider gaps remain.,52af829ae8934a6607c32e1372c55d9f846d2d1b; styles/catalog components; catalog migrations; catalog verifiers,styles/catalog components; catalog migrations,/styles; /salon/[slug]; /api/catalog/*,styles; service_categories; master_styles; style_materials,Catalog APIs/RPCs,imports,catalog verifiers,Full field set; scoring; compare,Customer clarity,Salon Ops taxonomy,Real salon data,Map/add fields,Phase B,High,Schema/API/tests
WS02-002,Workstream 2 — Structured hairstyle and service information,Hairstyle category.,"Salon service editor, public service pages, search, booking and admin catalog",Complete but weak,Real implementation; handoff quality/provider gaps remain.,52af829ae8934a6607c32e1372c55d9f846d2d1b; styles/catalog components; catalog migrations; catalog verifiers,styles/catalog components; catalog migrations,/styles; /salon/[slug]; /api/catalog/*,styles; service_categories; master_styles; style_materials,Catalog APIs/RPCs,imports,catalog verifiers,Full field set; scoring; compare,Customer clarity,Salon Ops taxonomy,Real salon data,Map/add fields,Phase B,High,Schema/API/tests
WS02-003,Workstream 2 — Structured hairstyle and service information,Technique.,"Salon service editor, public service pages, search, booking and admin catalog",Partially implemented,Some layers exist; workflow not end-to-end.,52af829ae8934a6607c32e1372c55d9f846d2d1b; styles/catalog components; catalog migrations; catalog verifiers,styles/catalog components; catalog migrations,/styles; /salon/[slug]; /api/catalog/*,styles; service_categories; master_styles; style_materials,Catalog APIs/RPCs,imports,catalog verifiers,Full field set; scoring; compare,Customer clarity,Salon Ops taxonomy,Real salon data,Map/add fields,Phase B,High,Schema/API/tests
WS02-004,Workstream 2 — Structured hairstyle and service information,Size.,"Salon service editor, public service pages, search, booking and admin catalog",Complete but weak,Real implementation; handoff quality/provider gaps remain.,52af829ae8934a6607c32e1372c55d9f846d2d1b; styles/catalog components; catalog migrations; catalog verifiers,styles/catalog components; catalog migrations,/styles; /salon/[slug]; /api/catalog/*,styles; service_categories; master_styles; style_materials,Catalog APIs/RPCs,imports,catalog verifiers,Full field set; scoring; compare,Customer clarity,Salon Ops taxonomy,Real salon data,Map/add fields,Phase B,High,Schema/API/tests
WS02-005,Workstream 2 — Structured hairstyle and service information,Length.,"Salon service editor, public service pages, search, booking and admin catalog",Complete but weak,Real implementation; handoff quality/provider gaps remain.,52af829ae8934a6607c32e1372c55d9f846d2d1b; styles/catalog components; catalog migrations; catalog verifiers,styles/catalog components; catalog migrations,/styles; /salon/[slug]; /api/catalog/*,styles; service_categories; master_styles; style_materials,Catalog APIs/RPCs,imports,catalog verifiers,Full field set; scoring; compare,Customer clarity,Salon Ops taxonomy,Real salon data,Map/add fields,Phase B,High,Schema/API/tests
WS02-006,Workstream 2 — Structured hairstyle and service information,Price or starting price.,"Salon service editor, public service pages, search, booking and admin catalog",Complete but weak,Real implementation; handoff quality/provider gaps remain.,52af829ae8934a6607c32e1372c55d9f846d2d1b; styles/catalog components; catalog migrations; catalog verifiers,styles/catalog components; catalog migrations,/styles; /salon/[slug]; /api/catalog/*,styles; service_categories; master_styles; style_materials,Catalog APIs/RPCs,imports,catalog verifiers,Full field set; scoring; compare,Customer clarity,Salon Ops taxonomy,Real salon data,Map/add fields,Phase B,High,Schema/API/tests
WS02-007,Workstream 2 — Structured hairstyle and service information,Factors that can change the price.,"Salon service editor, public service pages, search, booking and admin catalog",Complete but weak,Real implementation; handoff quality/provider gaps remain.,52af829ae8934a6607c32e1372c55d9f846d2d1b; styles/catalog components; catalog migrations; catalog verifiers,styles/catalog components; catalog migrations,/styles; /salon/[slug]; /api/catalog/*,styles; service_categories; master_styles; style_materials,Catalog APIs/RPCs,imports,catalog verifiers,Full field set; scoring; compare,Customer clarity,Salon Ops taxonomy,Real salon data,Map/add fields,Phase B,High,Schema/API/tests
WS02-008,Workstream 2 — Structured hairstyle and service information,Deposit percentage and dollar amount.,"Salon service editor, public service pages, search, booking and admin catalog",Complete but weak,Real implementation; handoff quality/provider gaps remain.,52af829ae8934a6607c32e1372c55d9f846d2d1b; styles/catalog components; catalog migrations; catalog verifiers,styles/catalog components; catalog migrations,/styles; /salon/[slug]; /api/catalog/*,styles; service_categories; master_styles; style_materials,Catalog APIs/RPCs,imports,catalog verifiers,Full field set; scoring; compare,Customer clarity,Salon Ops taxonomy,Real salon data,Map/add fields,Phase B,High,Schema/API/tests
WS02-009,Workstream 2 — Structured hairstyle and service information,Estimated duration.,"Salon service editor, public service pages, search, booking and admin catalog",Complete but weak,Real implementation; handoff quality/provider gaps remain.,52af829ae8934a6607c32e1372c55d9f846d2d1b; styles/catalog components; catalog migrations; catalog verifiers,styles/catalog components; catalog migrations,/styles; /salon/[slug]; /api/catalog/*,styles; service_categories; master_styles; style_materials,Catalog APIs/RPCs,imports,catalog verifiers,Full field set; scoring; compare,Customer clarity,Salon Ops taxonomy,Real salon data,Map/add fields,Phase B,High,Schema/API/tests
WS02-010,Workstream 2 — Structured hairstyle and service information,Whether hair is included.,"Salon service editor, public service pages, search, booking and admin catalog",Complete but weak,Real implementation; handoff quality/provider gaps remain.,52af829ae8934a6607c32e1372c55d9f846d2d1b; styles/catalog components; catalog migrations; catalog verifiers,styles/catalog components; catalog migrations,/styles; /salon/[slug]; /api/catalog/*,styles; service_categories; master_styles; style_materials,Catalog APIs/RPCs,imports,catalog verifiers,Full field set; scoring; compare,Customer clarity,Salon Ops taxonomy,Real salon data,Map/add fields,Phase B,High,Schema/API/tests
WS02-011,Workstream 2 — Structured hairstyle and service information,Supported hair colors.,"Salon service editor, public service pages, search, booking and admin catalog",Partially implemented,Some layers exist; workflow not end-to-end.,52af829ae8934a6607c32e1372c55d9f846d2d1b; styles/catalog components; catalog migrations; catalog verifiers,styles/catalog components; catalog migrations,/styles; /salon/[slug]; /api/catalog/*,styles; service_categories; master_styles; style_materials,Catalog APIs/RPCs,imports,catalog verifiers,Full field set; scoring; compare,Customer clarity,Salon Ops taxonomy,Real salon data,Map/add fields,Phase B,High,Schema/API/tests
WS02-012,Workstream 2 — Structured hairstyle and service information,Whether wash is included.,"Salon service editor, public service pages, search, booking and admin catalog",Partially implemented,Some layers exist; workflow not end-to-end.,52af829ae8934a6607c32e1372c55d9f846d2d1b; styles/catalog components; catalog migrations; catalog verifiers,styles/catalog components; catalog migrations,/styles; /salon/[slug]; /api/catalog/*,styles; service_categories; master_styles; style_materials,Catalog APIs/RPCs,imports,catalog verifiers,Full field set; scoring; compare,Customer clarity,Salon Ops taxonomy,Real salon data,Map/add fields,Phase B,High,Schema/API/tests
WS02-013,Workstream 2 — Structured hairstyle and service information,Whether blow-dry is included.,"Salon service editor, public service pages, search, booking and admin catalog",Partially implemented,Some layers exist; workflow not end-to-end.,52af829ae8934a6607c32e1372c55d9f846d2d1b; styles/catalog components; catalog migrations; catalog verifiers,styles/catalog components; catalog migrations,/styles; /salon/[slug]; /api/catalog/*,styles; service_categories; master_styles; style_materials,Catalog APIs/RPCs,imports,catalog verifiers,Full field set; scoring; compare,Customer clarity,Salon Ops taxonomy,Real salon data,Map/add fields,Phase B,High,Schema/API/tests
WS02-014,Workstream 2 — Structured hairstyle and service information,Natural-hair requirements.,"Salon service editor, public service pages, search, booking and admin catalog",Partially implemented,Some layers exist; workflow not end-to-end.,52af829ae8934a6607c32e1372c55d9f846d2d1b; styles/catalog components; catalog migrations; catalog verifiers,styles/catalog components; catalog migrations,/styles; /salon/[slug]; /api/catalog/*,styles; service_categories; master_styles; style_materials,Catalog APIs/RPCs,imports,catalog verifiers,Full field set; scoring; compare,Customer clarity,Salon Ops taxonomy,Real salon data,Map/add fields,Phase B,High,Schema/API/tests
WS02-015,Workstream 2 — Structured hairstyle and service information,Preparation instructions.,"Salon service editor, public service pages, search, booking and admin catalog",Partially implemented,Some layers exist; workflow not end-to-end.,52af829ae8934a6607c32e1372c55d9f846d2d1b; styles/catalog components; catalog migrations; catalog verifiers,styles/catalog components; catalog migrations,/styles; /salon/[slug]; /api/catalog/*,styles; service_categories; master_styles; style_materials,Catalog APIs/RPCs,imports,catalog verifiers,Full field set; scoring; compare,Customer clarity,Salon Ops taxonomy,Real salon data,Map/add fields,Phase B,High,Schema/API/tests
WS02-016,Workstream 2 — Structured hairstyle and service information,Age restrictions.,"Salon service editor, public service pages, search, booking and admin catalog",Partially implemented,Some layers exist; workflow not end-to-end.,52af829ae8934a6607c32e1372c55d9f846d2d1b; styles/catalog components; catalog migrations; catalog verifiers,styles/catalog components; catalog migrations,/styles; /salon/[slug]; /api/catalog/*,styles; service_categories; master_styles; style_materials,Catalog APIs/RPCs,imports,catalog verifiers,Full field set; scoring; compare,Customer clarity,Salon Ops taxonomy,Real salon data,Map/add fields,Phase B,High,Schema/API/tests
WS02-017,Workstream 2 — Structured hairstyle and service information,Children’s availability.,"Salon service editor, public service pages, search, booking and admin catalog",Partially implemented,Some layers exist; workflow not end-to-end.,52af829ae8934a6607c32e1372c55d9f846d2d1b; styles/catalog components; catalog migrations; catalog verifiers,styles/catalog components; catalog migrations,/styles; /salon/[slug]; /api/catalog/*,styles; service_categories; master_styles; style_materials,Catalog APIs/RPCs,imports,catalog verifiers,Full field set; scoring; compare,Customer clarity,Salon Ops taxonomy,Real salon data,Map/add fields,Phase B,High,Schema/API/tests
WS02-018,Workstream 2 — Structured hairstyle and service information,Add-ons.,"Salon service editor, public service pages, search, booking and admin catalog",Complete but weak,Real implementation; handoff quality/provider gaps remain.,52af829ae8934a6607c32e1372c55d9f846d2d1b; styles/catalog components; catalog migrations; catalog verifiers,styles/catalog components; catalog migrations,/styles; /salon/[slug]; /api/catalog/*,styles; service_categories; master_styles; style_materials,Catalog APIs/RPCs,imports,catalog verifiers,Full field set; scoring; compare,Customer clarity,Salon Ops taxonomy,Real salon data,Map/add fields,Phase B,High,Schema/API/tests
WS02-019,Workstream 2 — Structured hairstyle and service information,"Mobile, home-studio, or salon setting.","Salon service editor, public service pages, search, booking and admin catalog",Partially implemented,Some layers exist; workflow not end-to-end.,52af829ae8934a6607c32e1372c55d9f846d2d1b; styles/catalog components; catalog migrations; catalog verifiers,styles/catalog components; catalog migrations,/styles; /salon/[slug]; /api/catalog/*,styles; service_categories; master_styles; style_materials,Catalog APIs/RPCs,imports,catalog verifiers,Full field set; scoring; compare,Customer clarity,Salon Ops taxonomy,Real salon data,Map/add fields,Phase B,High,Schema/API/tests
WS02-020,Workstream 2 — Structured hairstyle and service information,Stylist eligibility.,"Salon service editor, public service pages, search, booking and admin catalog",Complete but weak,Real implementation; handoff quality/provider gaps remain.,52af829ae8934a6607c32e1372c55d9f846d2d1b; styles/catalog components; catalog migrations; catalog verifiers,styles/catalog components; catalog migrations,/styles; /salon/[slug]; /api/catalog/*,styles; service_categories; master_styles; style_materials,Catalog APIs/RPCs,imports,catalog verifiers,Full field set; scoring; compare,Customer clarity,Salon Ops taxonomy,Real salon data,Map/add fields,Phase B,High,Schema/API/tests
WS02-021,Workstream 2 — Structured hairstyle and service information,Before-and-after photographs.,"Salon service editor, public service pages, search, booking and admin catalog",Partially implemented,Some layers exist; workflow not end-to-end.,52af829ae8934a6607c32e1372c55d9f846d2d1b; styles/catalog components; catalog migrations; catalog verifiers,styles/catalog components; catalog migrations,/styles; /salon/[slug]; /api/catalog/*,styles; service_categories; master_styles; style_materials,Catalog APIs/RPCs,imports,catalog verifiers,Full field set; scoring; compare,Customer clarity,Salon Ops taxonomy,Real salon data,Map/add fields,Phase B,High,Schema/API/tests
WS02-022,Workstream 2 — Structured hairstyle and service information,Photographs of the exact service.,"Salon service editor, public service pages, search, booking and admin catalog",Complete but weak,Real implementation; handoff quality/provider gaps remain.,52af829ae8934a6607c32e1372c55d9f846d2d1b; styles/catalog components; catalog migrations; catalog verifiers,styles/catalog components; catalog migrations,/styles; /salon/[slug]; /api/catalog/*,styles; service_categories; master_styles; style_materials,Catalog APIs/RPCs,imports,catalog verifiers,Full field set; scoring; compare,Customer clarity,Salon Ops taxonomy,Real salon data,Map/add fields,Phase B,High,Schema/API/tests
WS02-023,Workstream 2 — Structured hairstyle and service information,Cancellation and rescheduling summary.,"Salon service editor, public service pages, search, booking and admin catalog",Partially implemented,Some layers exist; workflow not end-to-end.,52af829ae8934a6607c32e1372c55d9f846d2d1b; styles/catalog components; catalog migrations; catalog verifiers,styles/catalog components; catalog migrations,/styles; /salon/[slug]; /api/catalog/*,styles; service_categories; master_styles; style_materials,Catalog APIs/RPCs,imports,catalog verifiers,Full field set; scoring; compare,Customer clarity,Salon Ops taxonomy,Real salon data,Map/add fields,Phase B,High,Schema/API/tests
WS02-024,Workstream 2 — Structured hairstyle and service information,Earliest available appointment.,"Salon service editor, public service pages, search, booking and admin catalog",Complete but weak,Real implementation; handoff quality/provider gaps remain.,52af829ae8934a6607c32e1372c55d9f846d2d1b; styles/catalog components; catalog migrations; catalog verifiers,styles/catalog components; catalog migrations,/styles; /salon/[slug]; /api/catalog/*,styles; service_categories; master_styles; style_materials,Catalog APIs/RPCs,imports,catalog verifiers,Full field set; scoring; compare,Customer clarity,Salon Ops taxonomy,Real salon data,Map/add fields,Phase B,High,Schema/API/tests
WS02-025,Workstream 2 — Structured hairstyle and service information,Location and travel distance.,"Salon service editor, public service pages, search, booking and admin catalog",Complete but weak,Real implementation; handoff quality/provider gaps remain.,52af829ae8934a6607c32e1372c55d9f846d2d1b; styles/catalog components; catalog migrations; catalog verifiers,styles/catalog components; catalog migrations,/styles; /salon/[slug]; /api/catalog/*,styles; service_categories; master_styles; style_materials,Catalog APIs/RPCs,imports,catalog verifiers,Full field set; scoring; compare,Customer clarity,Salon Ops taxonomy,Real salon data,Map/add fields,Phase B,High,Schema/API/tests
WS02-026,Workstream 2 — Structured hairstyle and service information,Audit the current service schema.,"Salon service editor, public service pages, search, booking and admin catalog",Partially implemented,Some layers exist; workflow not end-to-end.,52af829ae8934a6607c32e1372c55d9f846d2d1b; styles/catalog components; catalog migrations; catalog verifiers,styles/catalog components; catalog migrations,/styles; /salon/[slug]; /api/catalog/*,styles; service_categories; master_styles; style_materials,Catalog APIs/RPCs,imports,catalog verifiers,Full field set; scoring; compare,Customer clarity,Salon Ops taxonomy,Real salon data,Map/add fields,Phase B,High,Schema/API/tests
WS02-027,Workstream 2 — Structured hairstyle and service information,Expand it without destroying existing salon data.,"Salon service editor, public service pages, search, booking and admin catalog",Partially implemented,Some layers exist; workflow not end-to-end.,52af829ae8934a6607c32e1372c55d9f846d2d1b; styles/catalog components; catalog migrations; catalog verifiers,styles/catalog components; catalog migrations,/styles; /salon/[slug]; /api/catalog/*,styles; service_categories; master_styles; style_materials,Catalog APIs/RPCs,imports,catalog verifiers,Full field set; scoring; compare,Customer clarity,Salon Ops taxonomy,Real salon data,Map/add fields,Phase B,High,Schema/API/tests
WS02-028,Workstream 2 — Structured hairstyle and service information,Create a structured textured-hair taxonomy.,"Salon service editor, public service pages, search, booking and admin catalog",Partially implemented,Some layers exist; workflow not end-to-end.,52af829ae8934a6607c32e1372c55d9f846d2d1b; styles/catalog components; catalog migrations; catalog verifiers,styles/catalog components; catalog migrations,/styles; /salon/[slug]; /api/catalog/*,styles; service_categories; master_styles; style_materials,Catalog APIs/RPCs,imports,catalog verifiers,Full field set; scoring; compare,Customer clarity,Salon Ops taxonomy,Real salon data,Map/add fields,Phase B,High,Schema/API/tests
WS02-029,Workstream 2 — Structured hairstyle and service information,Allow service attributes to vary by category.,"Salon service editor, public service pages, search, booking and admin catalog",Partially implemented,Some layers exist; workflow not end-to-end.,52af829ae8934a6607c32e1372c55d9f846d2d1b; styles/catalog components; catalog migrations; catalog verifiers,styles/catalog components; catalog migrations,/styles; /salon/[slug]; /api/catalog/*,styles; service_categories; master_styles; style_materials,Catalog APIs/RPCs,imports,catalog verifiers,Full field set; scoring; compare,Customer clarity,Salon Ops taxonomy,Real salon data,Map/add fields,Phase B,High,Schema/API/tests
WS02-030,Workstream 2 — Structured hairstyle and service information,Create salon-friendly service-entry forms.,"Salon service editor, public service pages, search, booking and admin catalog",Partially implemented,Some layers exist; workflow not end-to-end.,52af829ae8934a6607c32e1372c55d9f846d2d1b; styles/catalog components; catalog migrations; catalog verifiers,styles/catalog components; catalog migrations,/styles; /salon/[slug]; /api/catalog/*,styles; service_categories; master_styles; style_materials,Catalog APIs/RPCs,imports,catalog verifiers,Full field set; scoring; compare,Customer clarity,Salon Ops taxonomy,Real salon data,Map/add fields,Phase B,High,Schema/API/tests
WS02-031,Workstream 2 — Structured hairstyle and service information,Support service-specific photographs.,"Salon service editor, public service pages, search, booking and admin catalog",Complete but weak,Real implementation; handoff quality/provider gaps remain.,52af829ae8934a6607c32e1372c55d9f846d2d1b; styles/catalog components; catalog migrations; catalog verifiers,styles/catalog components; catalog migrations,/styles; /salon/[slug]; /api/catalog/*,styles; service_categories; master_styles; style_materials,Catalog APIs/RPCs,imports,catalog verifiers,Full field set; scoring; compare,Customer clarity,Salon Ops taxonomy,Real salon data,Map/add fields,Phase B,High,Schema/API/tests
WS02-032,Workstream 2 — Structured hairstyle and service information,Support stylist-specific service assignments.,"Salon service editor, public service pages, search, booking and admin catalog",Complete but weak,Real implementation; handoff quality/provider gaps remain.,52af829ae8934a6607c32e1372c55d9f846d2d1b; styles/catalog components; catalog migrations; catalog verifiers,styles/catalog components; catalog migrations,/styles; /salon/[slug]; /api/catalog/*,styles; service_categories; master_styles; style_materials,Catalog APIs/RPCs,imports,catalog verifiers,Full field set; scoring; compare,Customer clarity,Salon Ops taxonomy,Real salon data,Map/add fields,Phase B,High,Schema/API/tests
WS02-033,Workstream 2 — Structured hairstyle and service information,Support add-ons and price modifiers.,"Salon service editor, public service pages, search, booking and admin catalog",Complete but weak,Real implementation; handoff quality/provider gaps remain.,52af829ae8934a6607c32e1372c55d9f846d2d1b; styles/catalog components; catalog migrations; catalog verifiers,styles/catalog components; catalog migrations,/styles; /salon/[slug]; /api/catalog/*,styles; service_categories; master_styles; style_materials,Catalog APIs/RPCs,imports,catalog verifiers,Full field set; scoring; compare,Customer clarity,Salon Ops taxonomy,Real salon data,Map/add fields,Phase B,High,Schema/API/tests
WS02-034,Workstream 2 — Structured hairstyle and service information,Validate required information before publication.,"Salon service editor, public service pages, search, booking and admin catalog",Partially implemented,Some layers exist; workflow not end-to-end.,52af829ae8934a6607c32e1372c55d9f846d2d1b; styles/catalog components; catalog migrations; catalog verifiers,styles/catalog components; catalog migrations,/styles; /salon/[slug]; /api/catalog/*,styles; service_categories; master_styles; style_materials,Catalog APIs/RPCs,imports,catalog verifiers,Full field set; scoring; compare,Customer clarity,Salon Ops taxonomy,Real salon data,Map/add fields,Phase B,High,Schema/API/tests
WS02-035,Workstream 2 — Structured hairstyle and service information,Add service completeness scoring.,"Salon service editor, public service pages, search, booking and admin catalog",Partially implemented,Some layers exist; workflow not end-to-end.,52af829ae8934a6607c32e1372c55d9f846d2d1b; styles/catalog components; catalog migrations; catalog verifiers,styles/catalog components; catalog migrations,/styles; /salon/[slug]; /api/catalog/*,styles; service_categories; master_styles; style_materials,Catalog APIs/RPCs,imports,catalog verifiers,Full field set; scoring; compare,Customer clarity,Salon Ops taxonomy,Real salon data,Map/add fields,Phase B,High,Schema/API/tests
WS02-036,Workstream 2 — Structured hairstyle and service information,Add customer filters and comparison views.,"Salon service editor, public service pages, search, booking and admin catalog",Partially implemented,Some layers exist; workflow not end-to-end.,52af829ae8934a6607c32e1372c55d9f846d2d1b; styles/catalog components; catalog migrations; catalog verifiers,styles/catalog components; catalog migrations,/styles; /salon/[slug]; /api/catalog/*,styles; service_categories; master_styles; style_materials,Catalog APIs/RPCs,imports,catalog verifiers,Full field set; scoring; compare,Customer clarity,Salon Ops taxonomy,Real salon data,Map/add fields,Phase B,High,Schema/API/tests
WS02-037,Workstream 2 — Structured hairstyle and service information,Index structured fields for search.,"Salon service editor, public service pages, search, booking and admin catalog",Complete but weak,Real implementation; handoff quality/provider gaps remain.,52af829ae8934a6607c32e1372c55d9f846d2d1b; styles/catalog components; catalog migrations; catalog verifiers,styles/catalog components; catalog migrations,/styles; /salon/[slug]; /api/catalog/*,styles; service_categories; master_styles; style_materials,Catalog APIs/RPCs,imports,catalog verifiers,Full field set; scoring; compare,Customer clarity,Salon Ops taxonomy,Real salon data,Map/add fields,Phase B,High,Schema/API/tests
WS02-038,Workstream 2 — Structured hairstyle and service information,Add admin review and correction tools.,"Salon service editor, public service pages, search, booking and admin catalog",Complete but weak,Real implementation; handoff quality/provider gaps remain.,52af829ae8934a6607c32e1372c55d9f846d2d1b; styles/catalog components; catalog migrations; catalog verifiers,styles/catalog components; catalog migrations,/styles; /salon/[slug]; /api/catalog/*,styles; service_categories; master_styles; style_materials,Catalog APIs/RPCs,imports,catalog verifiers,Full field set; scoring; compare,Customer clarity,Salon Ops taxonomy,Real salon data,Map/add fields,Phase B,High,Schema/API/tests
WS02-039,Workstream 2 — Structured hairstyle and service information,Record changes in audit history.,"Salon service editor, public service pages, search, booking and admin catalog",Partially implemented,Some layers exist; workflow not end-to-end.,52af829ae8934a6607c32e1372c55d9f846d2d1b; styles/catalog components; catalog migrations; catalog verifiers,styles/catalog components; catalog migrations,/styles; /salon/[slug]; /api/catalog/*,styles; service_categories; master_styles; style_materials,Catalog APIs/RPCs,imports,catalog verifiers,Full field set; scoring; compare,Customer clarity,Salon Ops taxonomy,Real salon data,Map/add fields,Phase B,High,Schema/API/tests
WS02-040,Workstream 2 — Structured hairstyle and service information,What exactly am I booking?,"Salon service editor, public service pages, search, booking and admin catalog",Partially implemented,Some layers exist; workflow not end-to-end.,52af829ae8934a6607c32e1372c55d9f846d2d1b; styles/catalog components; catalog migrations; catalog verifiers,styles/catalog components; catalog migrations,/styles; /salon/[slug]; /api/catalog/*,styles; service_categories; master_styles; style_materials,Catalog APIs/RPCs,imports,catalog verifiers,Full field set; scoring; compare,Customer clarity,Salon Ops taxonomy,Real salon data,Map/add fields,Phase B,High,Schema/API/tests
WS02-041,Workstream 2 — Structured hairstyle and service information,What will it probably cost?,"Salon service editor, public service pages, search, booking and admin catalog",Partially implemented,Some layers exist; workflow not end-to-end.,52af829ae8934a6607c32e1372c55d9f846d2d1b; styles/catalog components; catalog migrations; catalog verifiers,styles/catalog components; catalog migrations,/styles; /salon/[slug]; /api/catalog/*,styles; service_categories; master_styles; style_materials,Catalog APIs/RPCs,imports,catalog verifiers,Full field set; scoring; compare,Customer clarity,Salon Ops taxonomy,Real salon data,Map/add fields,Phase B,High,Schema/API/tests
WS02-042,Workstream 2 — Structured hairstyle and service information,What could increase the price?,"Salon service editor, public service pages, search, booking and admin catalog",Complete but weak,Real implementation; handoff quality/provider gaps remain.,52af829ae8934a6607c32e1372c55d9f846d2d1b; styles/catalog components; catalog migrations; catalog verifiers,styles/catalog components; catalog migrations,/styles; /salon/[slug]; /api/catalog/*,styles; service_categories; master_styles; style_materials,Catalog APIs/RPCs,imports,catalog verifiers,Full field set; scoring; compare,Customer clarity,Salon Ops taxonomy,Real salon data,Map/add fields,Phase B,High,Schema/API/tests
WS02-043,Workstream 2 — Structured hairstyle and service information,Who will do it?,"Salon service editor, public service pages, search, booking and admin catalog",Partially implemented,Some layers exist; workflow not end-to-end.,52af829ae8934a6607c32e1372c55d9f846d2d1b; styles/catalog components; catalog migrations; catalog verifiers,styles/catalog components; catalog migrations,/styles; /salon/[slug]; /api/catalog/*,styles; service_categories; master_styles; style_materials,Catalog APIs/RPCs,imports,catalog verifiers,Full field set; scoring; compare,Customer clarity,Salon Ops taxonomy,Real salon data,Map/add fields,Phase B,High,Schema/API/tests
WS02-044,Workstream 2 — Structured hairstyle and service information,How long will it take?,"Salon service editor, public service pages, search, booking and admin catalog",Partially implemented,Some layers exist; workflow not end-to-end.,52af829ae8934a6607c32e1372c55d9f846d2d1b; styles/catalog components; catalog migrations; catalog verifiers,styles/catalog components; catalog migrations,/styles; /salon/[slug]; /api/catalog/*,styles; service_categories; master_styles; style_materials,Catalog APIs/RPCs,imports,catalog verifiers,Full field set; scoring; compare,Customer clarity,Salon Ops taxonomy,Real salon data,Map/add fields,Phase B,High,Schema/API/tests
WS02-045,Workstream 2 — Structured hairstyle and service information,What must I bring?,"Salon service editor, public service pages, search, booking and admin catalog",Partially implemented,Some layers exist; workflow not end-to-end.,52af829ae8934a6607c32e1372c55d9f846d2d1b; styles/catalog components; catalog migrations; catalog verifiers,styles/catalog components; catalog migrations,/styles; /salon/[slug]; /api/catalog/*,styles; service_categories; master_styles; style_materials,Catalog APIs/RPCs,imports,catalog verifiers,Full field set; scoring; compare,Customer clarity,Salon Ops taxonomy,Real salon data,Map/add fields,Phase B,High,Schema/API/tests
WS02-046,Workstream 2 — Structured hairstyle and service information,Is hair included?,"Salon service editor, public service pages, search, booking and admin catalog",Partially implemented,Some layers exist; workflow not end-to-end.,52af829ae8934a6607c32e1372c55d9f846d2d1b; styles/catalog components; catalog migrations; catalog verifiers,styles/catalog components; catalog migrations,/styles; /salon/[slug]; /api/catalog/*,styles; service_categories; master_styles; style_materials,Catalog APIs/RPCs,imports,catalog verifiers,Full field set; scoring; compare,Customer clarity,Salon Ops taxonomy,Real salon data,Map/add fields,Phase B,High,Schema/API/tests
WS02-047,Workstream 2 — Structured hairstyle and service information,When can I come?,"Salon service editor, public service pages, search, booking and admin catalog",Partially implemented,Some layers exist; workflow not end-to-end.,52af829ae8934a6607c32e1372c55d9f846d2d1b; styles/catalog components; catalog migrations; catalog verifiers,styles/catalog components; catalog migrations,/styles; /salon/[slug]; /api/catalog/*,styles; service_categories; master_styles; style_materials,Catalog APIs/RPCs,imports,catalog verifiers,Full field set; scoring; compare,Customer clarity,Salon Ops taxonomy,Real salon data,Map/add fields,Phase B,High,Schema/API/tests
WS02-048,Workstream 2 — Structured hairstyle and service information,Where is it?,"Salon service editor, public service pages, search, booking and admin catalog",Partially implemented,Some layers exist; workflow not end-to-end.,52af829ae8934a6607c32e1372c55d9f846d2d1b; styles/catalog components; catalog migrations; catalog verifiers,styles/catalog components; catalog migrations,/styles; /salon/[slug]; /api/catalog/*,styles; service_categories; master_styles; style_materials,Catalog APIs/RPCs,imports,catalog verifiers,Full field set; scoring; compare,Customer clarity,Salon Ops taxonomy,Real salon data,Map/add fields,Phase B,High,Schema/API/tests
WS02-049,Workstream 2 — Structured hairstyle and service information,What happens if I cancel?,"Salon service editor, public service pages, search, booking and admin catalog",Partially implemented,Some layers exist; workflow not end-to-end.,52af829ae8934a6607c32e1372c55d9f846d2d1b; styles/catalog components; catalog migrations; catalog verifiers,styles/catalog components; catalog migrations,/styles; /salon/[slug]; /api/catalog/*,styles; service_categories; master_styles; style_materials,Catalog APIs/RPCs,imports,catalog verifiers,Full field set; scoring; compare,Customer clarity,Salon Ops taxonomy,Real salon data,Map/add fields,Phase B,High,Schema/API/tests
WS03-001,"Workstream 3 — Location, destination search, radius, and time zones",Use current location.,"Customer discovery, maps, promotions and booking timezone",Complete but weak,Real implementation; handoff quality/provider gaps remain.,52af829ae8934a6607c32e1372c55d9f846d2d1b; src/lib/location.ts; CustomerLocationProvider.tsx; AutocompleteInputs.tsx; location + Playwright,src/lib/location.ts; CustomerLocationProvider.tsx; AutocompleteInputs.tsx,/salons; /search; /api/discovery/salons,salons; discover_nearby_salons_ranked,Google Maps; discovery RPC,location CI,location + Playwright,Saved destinations; no-limit; provider proof,Location reliability,Provider/privacy approval,Google key,Provider/staging tests,Phase B,High,Code/RPC/CI
WS03-002,"Workstream 3 — Location, destination search, radius, and time zones",Enter a city.,"Customer discovery, maps, promotions and booking timezone",Complete but weak,Real implementation; handoff quality/provider gaps remain.,52af829ae8934a6607c32e1372c55d9f846d2d1b; src/lib/location.ts; CustomerLocationProvider.tsx; AutocompleteInputs.tsx; location + Playwright,src/lib/location.ts; CustomerLocationProvider.tsx; AutocompleteInputs.tsx,/salons; /search; /api/discovery/salons,salons; discover_nearby_salons_ranked,Google Maps; discovery RPC,location CI,location + Playwright,Saved destinations; no-limit; provider proof,Location reliability,Provider/privacy approval,Google key,Provider/staging tests,Phase B,High,Code/RPC/CI
WS03-003,"Workstream 3 — Location, destination search, radius, and time zones",Enter a state.,"Customer discovery, maps, promotions and booking timezone",Complete but weak,Real implementation; handoff quality/provider gaps remain.,52af829ae8934a6607c32e1372c55d9f846d2d1b; src/lib/location.ts; CustomerLocationProvider.tsx; AutocompleteInputs.tsx; location + Playwright,src/lib/location.ts; CustomerLocationProvider.tsx; AutocompleteInputs.tsx,/salons; /search; /api/discovery/salons,salons; discover_nearby_salons_ranked,Google Maps; discovery RPC,location CI,location + Playwright,Saved destinations; no-limit; provider proof,Location reliability,Provider/privacy approval,Google key,Provider/staging tests,Phase B,High,Code/RPC/CI
WS03-004,"Workstream 3 — Location, destination search, radius, and time zones",Enter a ZIP code.,"Customer discovery, maps, promotions and booking timezone",Complete but weak,Real implementation; handoff quality/provider gaps remain.,52af829ae8934a6607c32e1372c55d9f846d2d1b; src/lib/location.ts; CustomerLocationProvider.tsx; AutocompleteInputs.tsx; location + Playwright,src/lib/location.ts; CustomerLocationProvider.tsx; AutocompleteInputs.tsx,/salons; /search; /api/discovery/salons,salons; discover_nearby_salons_ranked,Google Maps; discovery RPC,location CI,location + Playwright,Saved destinations; no-limit; provider proof,Location reliability,Provider/privacy approval,Google key,Provider/staging tests,Phase B,High,Code/RPC/CI
WS03-005,"Workstream 3 — Location, destination search, radius, and time zones",Enter an address.,"Customer discovery, maps, promotions and booking timezone",Complete but weak,Real implementation; handoff quality/provider gaps remain.,52af829ae8934a6607c32e1372c55d9f846d2d1b; src/lib/location.ts; CustomerLocationProvider.tsx; AutocompleteInputs.tsx; location + Playwright,src/lib/location.ts; CustomerLocationProvider.tsx; AutocompleteInputs.tsx,/salons; /search; /api/discovery/salons,salons; discover_nearby_salons_ranked,Google Maps; discovery RPC,location CI,location + Playwright,Saved destinations; no-limit; provider proof,Location reliability,Provider/privacy approval,Google key,Provider/staging tests,Phase B,High,Code/RPC/CI
WS03-006,"Workstream 3 — Location, destination search, radius, and time zones",Enter a neighborhood.,"Customer discovery, maps, promotions and booking timezone",Complete but weak,Real implementation; handoff quality/provider gaps remain.,52af829ae8934a6607c32e1372c55d9f846d2d1b; src/lib/location.ts; CustomerLocationProvider.tsx; AutocompleteInputs.tsx; location + Playwright,src/lib/location.ts; CustomerLocationProvider.tsx; AutocompleteInputs.tsx,/salons; /search; /api/discovery/salons,salons; discover_nearby_salons_ranked,Google Maps; discovery RPC,location CI,location + Playwright,Saved destinations; no-limit; provider proof,Location reliability,Provider/privacy approval,Google key,Provider/staging tests,Phase B,High,Code/RPC/CI
WS03-007,"Workstream 3 — Location, destination search, radius, and time zones",Search near a landmark or airport.,"Customer discovery, maps, promotions and booking timezone",Complete but weak,Real implementation; handoff quality/provider gaps remain.,52af829ae8934a6607c32e1372c55d9f846d2d1b; src/lib/location.ts; CustomerLocationProvider.tsx; AutocompleteInputs.tsx; location + Playwright,src/lib/location.ts; CustomerLocationProvider.tsx; AutocompleteInputs.tsx,/salons; /search; /api/discovery/salons,salons; discover_nearby_salons_ranked,Google Maps; discovery RPC,location CI,location + Playwright,Saved destinations; no-limit; provider proof,Location reliability,Provider/privacy approval,Google key,Provider/staging tests,Phase B,High,Code/RPC/CI
WS03-008,"Workstream 3 — Location, destination search, radius, and time zones",Search a selected map area.,"Customer discovery, maps, promotions and booking timezone",Partially implemented,Some layers exist; workflow not end-to-end.,52af829ae8934a6607c32e1372c55d9f846d2d1b; src/lib/location.ts; CustomerLocationProvider.tsx; AutocompleteInputs.tsx; location + Playwright,src/lib/location.ts; CustomerLocationProvider.tsx; AutocompleteInputs.tsx,/salons; /search; /api/discovery/salons,salons; discover_nearby_salons_ranked,Google Maps; discovery RPC,location CI,location + Playwright,Saved destinations; no-limit; provider proof,Location reliability,Provider/privacy approval,Google key,Provider/staging tests,Phase B,High,Code/RPC/CI
WS03-009,"Workstream 3 — Location, destination search, radius, and time zones",Save destinations.,"Customer discovery, maps, promotions and booking timezone",Missing,No meaningful implementation found.,52af829ae8934a6607c32e1372c55d9f846d2d1b; src/lib/location.ts; CustomerLocationProvider.tsx; AutocompleteInputs.tsx; location + Playwright,src/lib/location.ts; CustomerLocationProvider.tsx; AutocompleteInputs.tsx,/salons; /search; /api/discovery/salons,salons; discover_nearby_salons_ranked,Google Maps; discovery RPC,location CI,location + Playwright,Saved destinations; no-limit; provider proof,Location reliability,Provider/privacy approval,Google key,Provider/staging tests,Phase B,High,Code/RPC/CI
WS03-010,"Workstream 3 — Location, destination search, radius, and time zones",Change the radius.,"Customer discovery, maps, promotions and booking timezone",Complete but weak,Real implementation; handoff quality/provider gaps remain.,52af829ae8934a6607c32e1372c55d9f846d2d1b; src/lib/location.ts; CustomerLocationProvider.tsx; AutocompleteInputs.tsx; location + Playwright,src/lib/location.ts; CustomerLocationProvider.tsx; AutocompleteInputs.tsx,/salons; /search; /api/discovery/salons,salons; discover_nearby_salons_ranked,Google Maps; discovery RPC,location CI,location + Playwright,Saved destinations; no-limit; provider proof,Location reliability,Provider/privacy approval,Google key,Provider/staging tests,Phase B,High,Code/RPC/CI
WS03-011,"Workstream 3 — Location, destination search, radius, and time zones","Choose 5, 10, 25, 50, or 100 miles.","Customer discovery, maps, promotions and booking timezone",Partially implemented,Some layers exist; workflow not end-to-end.,52af829ae8934a6607c32e1372c55d9f846d2d1b; src/lib/location.ts; CustomerLocationProvider.tsx; AutocompleteInputs.tsx; location + Playwright,src/lib/location.ts; CustomerLocationProvider.tsx; AutocompleteInputs.tsx,/salons; /search; /api/discovery/salons,salons; discover_nearby_salons_ranked,Google Maps; discovery RPC,location CI,location + Playwright,Saved destinations; no-limit; provider proof,Location reliability,Provider/privacy approval,Google key,Provider/staging tests,Phase B,High,Code/RPC/CI
WS03-012,"Workstream 3 — Location, destination search, radius, and time zones",Enter a custom radius.,"Customer discovery, maps, promotions and booking timezone",Complete but weak,Real implementation; handoff quality/provider gaps remain.,52af829ae8934a6607c32e1372c55d9f846d2d1b; src/lib/location.ts; CustomerLocationProvider.tsx; AutocompleteInputs.tsx; location + Playwright,src/lib/location.ts; CustomerLocationProvider.tsx; AutocompleteInputs.tsx,/salons; /search; /api/discovery/salons,salons; discover_nearby_salons_ranked,Google Maps; discovery RPC,location CI,location + Playwright,Saved destinations; no-limit; provider proof,Location reliability,Provider/privacy approval,Google key,Provider/staging tests,Phase B,High,Code/RPC/CI
WS03-013,"Workstream 3 — Location, destination search, radius, and time zones",Remove the distance limit.,"Customer discovery, maps, promotions and booking timezone",Missing,No meaningful implementation found.,52af829ae8934a6607c32e1372c55d9f846d2d1b; src/lib/location.ts; CustomerLocationProvider.tsx; AutocompleteInputs.tsx; location + Playwright,src/lib/location.ts; CustomerLocationProvider.tsx; AutocompleteInputs.tsx,/salons; /search; /api/discovery/salons,salons; discover_nearby_salons_ranked,Google Maps; discovery RPC,location CI,location + Playwright,Saved destinations; no-limit; provider proof,Location reliability,Provider/privacy approval,Google key,Provider/staging tests,Phase B,High,Code/RPC/CI
WS03-014,"Workstream 3 — Location, destination search, radius, and time zones",Search by appointment destination rather than current location.,"Customer discovery, maps, promotions and booking timezone",Complete but weak,Real implementation; handoff quality/provider gaps remain.,52af829ae8934a6607c32e1372c55d9f846d2d1b; src/lib/location.ts; CustomerLocationProvider.tsx; AutocompleteInputs.tsx; location + Playwright,src/lib/location.ts; CustomerLocationProvider.tsx; AutocompleteInputs.tsx,/salons; /search; /api/discovery/salons,salons; discover_nearby_salons_ranked,Google Maps; discovery RPC,location CI,location + Playwright,Saved destinations; no-limit; provider proof,Location reliability,Provider/privacy approval,Google key,Provider/staging tests,Phase B,High,Code/RPC/CI
WS03-015,"Workstream 3 — Location, destination search, radius, and time zones",See the salon’s local time zone.,"Customer discovery, maps, promotions and booking timezone",Complete but weak,Real implementation; handoff quality/provider gaps remain.,52af829ae8934a6607c32e1372c55d9f846d2d1b; src/lib/location.ts; CustomerLocationProvider.tsx; AutocompleteInputs.tsx; location + Playwright,src/lib/location.ts; CustomerLocationProvider.tsx; AutocompleteInputs.tsx,/salons; /search; /api/discovery/salons,salons; discover_nearby_salons_ranked,Google Maps; discovery RPC,location CI,location + Playwright,Saved destinations; no-limit; provider proof,Location reliability,Provider/privacy approval,Google key,Provider/staging tests,Phase B,High,Code/RPC/CI
WS03-016,"Workstream 3 — Location, destination search, radius, and time zones",Separate: Detected location.; Customer home location.; Current search location.; Appointment destination.; Salon location.,"Customer discovery, maps, promotions and booking timezone",Complete but weak,Real implementation; handoff quality/provider gaps remain.,52af829ae8934a6607c32e1372c55d9f846d2d1b; src/lib/location.ts; CustomerLocationProvider.tsx; AutocompleteInputs.tsx; location + Playwright,src/lib/location.ts; CustomerLocationProvider.tsx; AutocompleteInputs.tsx,/salons; /search; /api/discovery/salons,salons; discover_nearby_salons_ranked,Google Maps; discovery RPC,location CI,location + Playwright,Saved destinations; no-limit; provider proof,Location reliability,Provider/privacy approval,Google key,Provider/staging tests,Phase B,High,Code/RPC/CI
WS03-017,"Workstream 3 — Location, destination search, radius, and time zones",Store: Latitude and longitude.; Normalized address.; City.; State.; ZIP.; Country.; Search radius.; Salon time zone.; Search-location time zone.,"Customer discovery, maps, promotions and booking timezone",Complete but weak,Real implementation; handoff quality/provider gaps remain.,52af829ae8934a6607c32e1372c55d9f846d2d1b; src/lib/location.ts; CustomerLocationProvider.tsx; AutocompleteInputs.tsx; location + Playwright,src/lib/location.ts; CustomerLocationProvider.tsx; AutocompleteInputs.tsx,/salons; /search; /api/discovery/salons,salons; discover_nearby_salons_ranked,Google Maps; discovery RPC,location CI,location + Playwright,Saved destinations; no-limit; provider proof,Location reliability,Provider/privacy approval,Google key,Provider/staging tests,Phase B,High,Code/RPC/CI
WS03-018,"Workstream 3 — Location, destination search, radius, and time zones",Implement destination autocomplete.,"Customer discovery, maps, promotions and booking timezone",Partially implemented,Some layers exist; workflow not end-to-end.,52af829ae8934a6607c32e1372c55d9f846d2d1b; src/lib/location.ts; CustomerLocationProvider.tsx; AutocompleteInputs.tsx; location + Playwright,src/lib/location.ts; CustomerLocationProvider.tsx; AutocompleteInputs.tsx,/salons; /search; /api/discovery/salons,salons; discover_nearby_salons_ranked,Google Maps; discovery RPC,location CI,location + Playwright,Saved destinations; no-limit; provider proof,Location reliability,Provider/privacy approval,Google key,Provider/staging tests,Phase B,High,Code/RPC/CI
WS03-019,"Workstream 3 — Location, destination search, radius, and time zones",Implement fallback search when location permission is denied.,"Customer discovery, maps, promotions and booking timezone",Partially implemented,Some layers exist; workflow not end-to-end.,52af829ae8934a6607c32e1372c55d9f846d2d1b; src/lib/location.ts; CustomerLocationProvider.tsx; AutocompleteInputs.tsx; location + Playwright,src/lib/location.ts; CustomerLocationProvider.tsx; AutocompleteInputs.tsx,/salons; /search; /api/discovery/salons,salons; discover_nearby_salons_ranked,Google Maps; discovery RPC,location CI,location + Playwright,Saved destinations; no-limit; provider proof,Location reliability,Provider/privacy approval,Google key,Provider/staging tests,Phase B,High,Code/RPC/CI
WS03-020,"Workstream 3 — Location, destination search, radius, and time zones",Preserve the selected destination during the session.,"Customer discovery, maps, promotions and booking timezone",Complete but weak,Real implementation; handoff quality/provider gaps remain.,52af829ae8934a6607c32e1372c55d9f846d2d1b; src/lib/location.ts; CustomerLocationProvider.tsx; AutocompleteInputs.tsx; location + Playwright,src/lib/location.ts; CustomerLocationProvider.tsx; AutocompleteInputs.tsx,/salons; /search; /api/discovery/salons,salons; discover_nearby_salons_ranked,Google Maps; discovery RPC,location CI,location + Playwright,Saved destinations; no-limit; provider proof,Location reliability,Provider/privacy approval,Google key,Provider/staging tests,Phase B,High,Code/RPC/CI
WS03-021,"Workstream 3 — Location, destination search, radius, and time zones",Support “Search this map area.”,"Customer discovery, maps, promotions and booking timezone",Missing,No meaningful implementation found.,52af829ae8934a6607c32e1372c55d9f846d2d1b; src/lib/location.ts; CustomerLocationProvider.tsx; AutocompleteInputs.tsx; location + Playwright,src/lib/location.ts; CustomerLocationProvider.tsx; AutocompleteInputs.tsx,/salons; /search; /api/discovery/salons,salons; discover_nearby_salons_ranked,Google Maps; discovery RPC,location CI,location + Playwright,Saved destinations; no-limit; provider proof,Location reliability,Provider/privacy approval,Google key,Provider/staging tests,Phase B,High,Code/RPC/CI
WS03-022,"Workstream 3 — Location, destination search, radius, and time zones",Make URLs shareable by location and service.,"Customer discovery, maps, promotions and booking timezone",Complete but weak,Real implementation; handoff quality/provider gaps remain.,52af829ae8934a6607c32e1372c55d9f846d2d1b; src/lib/location.ts; CustomerLocationProvider.tsx; AutocompleteInputs.tsx; location + Playwright,src/lib/location.ts; CustomerLocationProvider.tsx; AutocompleteInputs.tsx,/salons; /search; /api/discovery/salons,salons; discover_nearby_salons_ranked,Google Maps; discovery RPC,location CI,location + Playwright,Saved destinations; no-limit; provider proof,Location reliability,Provider/privacy approval,Google key,Provider/staging tests,Phase B,High,Code/RPC/CI
WS03-023,"Workstream 3 — Location, destination search, radius, and time zones",Ensure advertisements and sponsored placements use the chosen destination rather than only device location.,"Customer discovery, maps, promotions and booking timezone",Partially implemented,Some layers exist; workflow not end-to-end.,52af829ae8934a6607c32e1372c55d9f846d2d1b; src/lib/location.ts; CustomerLocationProvider.tsx; AutocompleteInputs.tsx; location + Playwright,src/lib/location.ts; CustomerLocationProvider.tsx; AutocompleteInputs.tsx,/salons; /search; /api/discovery/salons,salons; discover_nearby_salons_ranked,Google Maps; discovery RPC,location CI,location + Playwright,Saved destinations; no-limit; provider proof,Location reliability,Provider/privacy approval,Google key,Provider/staging tests,Phase B,High,Code/RPC/CI
WS03-024,"Workstream 3 — Location, destination search, radius, and time zones",Display appointment times in the salon’s local time zone.,"Customer discovery, maps, promotions and booking timezone",Complete but weak,Real implementation; handoff quality/provider gaps remain.,52af829ae8934a6607c32e1372c55d9f846d2d1b; src/lib/location.ts; CustomerLocationProvider.tsx; AutocompleteInputs.tsx; location + Playwright,src/lib/location.ts; CustomerLocationProvider.tsx; AutocompleteInputs.tsx,/salons; /search; /api/discovery/salons,salons; discover_nearby_salons_ranked,Google Maps; discovery RPC,location CI,location + Playwright,Saved destinations; no-limit; provider proof,Location reliability,Provider/privacy approval,Google key,Provider/staging tests,Phase B,High,Code/RPC/CI
WS03-025,"Workstream 3 — Location, destination search, radius, and time zones",Include the time zone in cross-zone confirmations.,"Customer discovery, maps, promotions and booking timezone",Partially implemented,Some layers exist; workflow not end-to-end.,52af829ae8934a6607c32e1372c55d9f846d2d1b; src/lib/location.ts; CustomerLocationProvider.tsx; AutocompleteInputs.tsx; location + Playwright,src/lib/location.ts; CustomerLocationProvider.tsx; AutocompleteInputs.tsx,/salons; /search; /api/discovery/salons,salons; discover_nearby_salons_ranked,Google Maps; discovery RPC,location CI,location + Playwright,Saved destinations; no-limit; provider proof,Location reliability,Provider/privacy approval,Google key,Provider/staging tests,Phase B,High,Code/RPC/CI
WS03-026,"Workstream 3 — Location, destination search, radius, and time zones",Add tests for: New York customer booking Florida.; New York customer booking Los Angeles.; Daylight-saving transitions.; Missing location permission.; Incorrect or ambiguous addresses.; Salons near state borders.; Custom radius.,"Customer discovery, maps, promotions and booking timezone",Partially implemented,Some layers exist; workflow not end-to-end.,52af829ae8934a6607c32e1372c55d9f846d2d1b; src/lib/location.ts; CustomerLocationProvider.tsx; AutocompleteInputs.tsx; location + Playwright,src/lib/location.ts; CustomerLocationProvider.tsx; AutocompleteInputs.tsx,/salons; /search; /api/discovery/salons,salons; discover_nearby_salons_ranked,Google Maps; discovery RPC,location CI,location + Playwright,Saved destinations; no-limit; provider proof,Location reliability,Provider/privacy approval,Google key,Provider/staging tests,Phase B,High,Code/RPC/CI
WS04-001,Workstream 4 — Customer discovery and fast booking,Customer sees a style.,"Public discovery, salon/service pages, guest/customer checkout and booking",Complete but weak,Real implementation; handoff quality/provider gaps remain.,52af829ae8934a6607c32e1372c55d9f846d2d1b; booking pages; booking-checkout route; availability libs; checkout/booking/browser tests,booking pages; booking-checkout route; availability libs,/salon/[slug]/book; /checkout; /api/booking/*,bookings; availability; checkout intents,Stripe Checkout; booking RPCs,reminders,checkout/booking/browser tests,Provider/live/deep-link/event proof,Booking integrity,Founder journey,Stripe/email test,Run mobile transaction,Phase B,High,Routes/schema/CI
WS04-002,Workstream 4 — Customer discovery and fast booking,Customer opens the exact service or salon page.,"Public discovery, salon/service pages, guest/customer checkout and booking",Complete but weak,Real implementation; handoff quality/provider gaps remain.,52af829ae8934a6607c32e1372c55d9f846d2d1b; booking pages; booking-checkout route; availability libs; checkout/booking/browser tests,booking pages; booking-checkout route; availability libs,/salon/[slug]/book; /checkout; /api/booking/*,bookings; availability; checkout intents,Stripe Checkout; booking RPCs,reminders,checkout/booking/browser tests,Provider/live/deep-link/event proof,Booking integrity,Founder journey,Stripe/email test,Run mobile transaction,Phase B,High,Routes/schema/CI
WS04-003,Workstream 4 — Customer discovery and fast booking,"Customer reviews the service, stylist, price, duration, availability, location, and policy.","Public discovery, salon/service pages, guest/customer checkout and booking",Complete but weak,Real implementation; handoff quality/provider gaps remain.,52af829ae8934a6607c32e1372c55d9f846d2d1b; booking pages; booking-checkout route; availability libs; checkout/booking/browser tests,booking pages; booking-checkout route; availability libs,/salon/[slug]/book; /checkout; /api/booking/*,bookings; availability; checkout intents,Stripe Checkout; booking RPCs,reminders,checkout/booking/browser tests,Provider/live/deep-link/event proof,Booking integrity,Founder journey,Stripe/email test,Run mobile transaction,Phase B,High,Routes/schema/CI
WS04-004,Workstream 4 — Customer discovery and fast booking,Customer selects a time.,"Public discovery, salon/service pages, guest/customer checkout and booking",Complete but weak,Real implementation; handoff quality/provider gaps remain.,52af829ae8934a6607c32e1372c55d9f846d2d1b; booking pages; booking-checkout route; availability libs; checkout/booking/browser tests,booking pages; booking-checkout route; availability libs,/salon/[slug]/book; /checkout; /api/booking/*,bookings; availability; checkout intents,Stripe Checkout; booking RPCs,reminders,checkout/booking/browser tests,Provider/live/deep-link/event proof,Booking integrity,Founder journey,Stripe/email test,Run mobile transaction,Phase B,High,Routes/schema/CI
WS04-005,Workstream 4 — Customer discovery and fast booking,Customer confirms the deposit.,"Public discovery, salon/service pages, guest/customer checkout and booking",Complete but weak,Real implementation; handoff quality/provider gaps remain.,52af829ae8934a6607c32e1372c55d9f846d2d1b; booking pages; booking-checkout route; availability libs; checkout/booking/browser tests,booking pages; booking-checkout route; availability libs,/salon/[slug]/book; /checkout; /api/booking/*,bookings; availability; checkout intents,Stripe Checkout; booking RPCs,reminders,checkout/booking/browser tests,Provider/live/deep-link/event proof,Booking integrity,Founder journey,Stripe/email test,Run mobile transaction,Phase B,High,Routes/schema/CI
WS04-006,Workstream 4 — Customer discovery and fast booking,Appointment and booking conversation are created.,"Public discovery, salon/service pages, guest/customer checkout and booking",Complete but weak,Real implementation; handoff quality/provider gaps remain.,52af829ae8934a6607c32e1372c55d9f846d2d1b; booking pages; booking-checkout route; availability libs; checkout/booking/browser tests,booking pages; booking-checkout route; availability libs,/salon/[slug]/book; /checkout; /api/booking/*,bookings; availability; checkout intents,Stripe Checkout; booking RPCs,reminders,checkout/booking/browser tests,Provider/live/deep-link/event proof,Booking integrity,Founder journey,Stripe/email test,Run mobile transaction,Phase B,High,Routes/schema/CI
WS04-007,Workstream 4 — Customer discovery and fast booking,Customer receives confirmation and preparation details.,"Public discovery, salon/service pages, guest/customer checkout and booking",Complete but weak,Real implementation; handoff quality/provider gaps remain.,52af829ae8934a6607c32e1372c55d9f846d2d1b; booking pages; booking-checkout route; availability libs; checkout/booking/browser tests,booking pages; booking-checkout route; availability libs,/salon/[slug]/book; /checkout; /api/booking/*,bookings; availability; checkout intents,Stripe Checkout; booking RPCs,reminders,checkout/booking/browser tests,Provider/live/deep-link/event proof,Booking integrity,Founder journey,Stripe/email test,Run mobile transaction,Phase B,High,Routes/schema/CI
WS04-008,Workstream 4 — Customer discovery and fast booking,Build direct links for: Salon profile.; Stylist profile.; Individual service.; Available appointments.; Promotion.; Creator referral.; Google booking.; Instagram bio.; WhatsApp.; QR code.,"Public discovery, salon/service pages, guest/customer checkout and booking",Partially implemented,Some layers exist; workflow not end-to-end.,52af829ae8934a6607c32e1372c55d9f846d2d1b; booking pages; booking-checkout route; availability libs; checkout/booking/browser tests,booking pages; booking-checkout route; availability libs,/salon/[slug]/book; /checkout; /api/booking/*,bookings; availability; checkout intents,Stripe Checkout; booking RPCs,reminders,checkout/booking/browser tests,Provider/live/deep-link/event proof,Booking integrity,Founder journey,Stripe/email test,Run mobile transaction,Phase B,Medium,Routes/schema/CI
WS04-009,Workstream 4 — Customer discovery and fast booking,Implement guest-friendly checkout.,"Public discovery, salon/service pages, guest/customer checkout and booking",Complete but weak,Real implementation; handoff quality/provider gaps remain.,52af829ae8934a6607c32e1372c55d9f846d2d1b; booking pages; booking-checkout route; availability libs; checkout/booking/browser tests,booking pages; booking-checkout route; availability libs,/salon/[slug]/book; /checkout; /api/booking/*,bookings; availability; checkout intents,Stripe Checkout; booking RPCs,reminders,checkout/booking/browser tests,Provider/live/deep-link/event proof,Booking integrity,Founder journey,Stripe/email test,Run mobile transaction,Phase B,High,Routes/schema/CI
WS04-010,Workstream 4 — Customer discovery and fast booking,Use progressive disclosure: Important facts first.; Full policy available before payment.; No hidden fees or surprise requirements.,"Public discovery, salon/service pages, guest/customer checkout and booking",Complete but weak,Real implementation; handoff quality/provider gaps remain.,52af829ae8934a6607c32e1372c55d9f846d2d1b; booking pages; booking-checkout route; availability libs; checkout/booking/browser tests,booking pages; booking-checkout route; availability libs,/salon/[slug]/book; /checkout; /api/booking/*,bookings; availability; checkout intents,Stripe Checkout; booking RPCs,reminders,checkout/booking/browser tests,Provider/live/deep-link/event proof,Booking integrity,Founder journey,Stripe/email test,Run mobile transaction,Phase B,High,Routes/schema/CI
WS04-011,Workstream 4 — Customer discovery and fast booking,Save returning-customer details securely.,"Public discovery, salon/service pages, guest/customer checkout and booking",Complete but weak,Real implementation; handoff quality/provider gaps remain.,52af829ae8934a6607c32e1372c55d9f846d2d1b; booking pages; booking-checkout route; availability libs; checkout/booking/browser tests,booking pages; booking-checkout route; availability libs,/salon/[slug]/book; /checkout; /api/booking/*,bookings; availability; checkout intents,Stripe Checkout; booking RPCs,reminders,checkout/booking/browser tests,Provider/live/deep-link/event proof,Booking integrity,Founder journey,Stripe/email test,Run mobile transaction,Phase B,High,Routes/schema/CI
WS04-012,Workstream 4 — Customer discovery and fast booking,Reduce returning booking to two meaningful decisions where possible: Select time.; Confirm deposit.,"Public discovery, salon/service pages, guest/customer checkout and booking",Partially implemented,Some layers exist; workflow not end-to-end.,52af829ae8934a6607c32e1372c55d9f846d2d1b; booking pages; booking-checkout route; availability libs; checkout/booking/browser tests,booking pages; booking-checkout route; availability libs,/salon/[slug]/book; /checkout; /api/booking/*,bookings; availability; checkout intents,Stripe Checkout; booking RPCs,reminders,checkout/booking/browser tests,Provider/live/deep-link/event proof,Booking integrity,Founder journey,Stripe/email test,Run mobile transaction,Phase B,High,Routes/schema/CI
WS04-013,Workstream 4 — Customer discovery and fast booking,Implement: Slot reservation.; Reservation expiration.; Database-level double-booking protection.; Idempotent booking creation.; Duplicate-payment protection.; Failed-payment recovery.,"Public discovery, salon/service pages, guest/customer checkout and booking",Complete but weak,Real implementation; handoff quality/provider gaps remain.,52af829ae8934a6607c32e1372c55d9f846d2d1b; booking pages; booking-checkout route; availability libs; checkout/booking/browser tests,booking pages; booking-checkout route; availability libs,/salon/[slug]/book; /checkout; /api/booking/*,bookings; availability; checkout intents,Stripe Checkout; booking RPCs,reminders,checkout/booking/browser tests,Provider/live/deep-link/event proof,Booking integrity,Founder journey,Stripe/email test,Run mobile transaction,Phase B,High,Routes/schema/CI
WS04-014,Workstream 4 — Customer discovery and fast booking,Show a complete final review: Salon.; Stylist.; Service.; Add-ons.; Date and time.; Time zone.; Address.; Deposit.; Expected balance.; Cancellation summary.,"Public discovery, salon/service pages, guest/customer checkout and booking",Complete but weak,Real implementation; handoff quality/provider gaps remain.,52af829ae8934a6607c32e1372c55d9f846d2d1b; booking pages; booking-checkout route; availability libs; checkout/booking/browser tests,booking pages; booking-checkout route; availability libs,/salon/[slug]/book; /checkout; /api/booking/*,bookings; availability; checkout intents,Stripe Checkout; booking RPCs,reminders,checkout/booking/browser tests,Provider/live/deep-link/event proof,Booking integrity,Founder journey,Stripe/email test,Run mobile transaction,Phase B,High,Routes/schema/CI
WS04-015,Workstream 4 — Customer discovery and fast booking,Generate a booking receipt and unique booking reference.,"Public discovery, salon/service pages, guest/customer checkout and booking",Complete but weak,Real implementation; handoff quality/provider gaps remain.,52af829ae8934a6607c32e1372c55d9f846d2d1b; booking pages; booking-checkout route; availability libs; checkout/booking/browser tests,booking pages; booking-checkout route; availability libs,/salon/[slug]/book; /checkout; /api/booking/*,bookings; availability; checkout intents,Stripe Checkout; booking RPCs,reminders,checkout/booking/browser tests,Provider/live/deep-link/event proof,Booking integrity,Founder journey,Stripe/email test,Run mobile transaction,Phase B,High,Routes/schema/CI
WS04-016,Workstream 4 — Customer discovery and fast booking,Create the booking conversation automatically.,"Public discovery, salon/service pages, guest/customer checkout and booking",Partially implemented,Some layers exist; workflow not end-to-end.,52af829ae8934a6607c32e1372c55d9f846d2d1b; booking pages; booking-checkout route; availability libs; checkout/booking/browser tests,booking pages; booking-checkout route; availability libs,/salon/[slug]/book; /checkout; /api/booking/*,bookings; availability; checkout intents,Stripe Checkout; booking RPCs,reminders,checkout/booking/browser tests,Provider/live/deep-link/event proof,Booking integrity,Founder journey,Stripe/email test,Run mobile transaction,Phase B,High,Routes/schema/CI
WS04-017,Workstream 4 — Customer discovery and fast booking,Publish the corresponding booking events.,"Public discovery, salon/service pages, guest/customer checkout and booking",Partially implemented,Some layers exist; workflow not end-to-end.,52af829ae8934a6607c32e1372c55d9f846d2d1b; booking pages; booking-checkout route; availability libs; checkout/booking/browser tests,booking pages; booking-checkout route; availability libs,/salon/[slug]/book; /checkout; /api/booking/*,bookings; availability; checkout intents,Stripe Checkout; booking RPCs,reminders,checkout/booking/browser tests,Provider/live/deep-link/event proof,Booking integrity,Founder journey,Stripe/email test,Run mobile transaction,Phase B,High,Routes/schema/CI
WS05-001,"Workstream 5 — Connected deposits, delayed capture, cancellation, and refunds",The salon selects a deposit from 10% to 50%.,"Booking payments, connected salons, refunds, finance and support",Complete but weak,Real implementation; handoff quality/provider gaps remain.,52af829ae8934a6607c32e1372c55d9f846d2d1b; booking-checkout; webhook; stripeServer; bookingCancellation; payout/checkout/refund tests,booking-checkout; webhook; stripeServer; bookingCancellation,/api/stripe/*; /api/admin/finance*,bookings; webhook events; finance events; payout attempts,Stripe/Connect/refunds,provider retry,payout/checkout/refund tests,Approved charge model; grace/capture; replay,Financial/legal,Founder/payments/legal,Stripe test accounts,Approve architecture,Phase B,High,Exact payment code + CI
WS05-002,"Workstream 5 — Connected deposits, delayed capture, cancellation, and refunds",The initial appointment deposit should flow through the salon’s connected payment arrangement.,"Booking payments, connected salons, refunds, finance and support",Complete but weak,Real implementation; handoff quality/provider gaps remain.,52af829ae8934a6607c32e1372c55d9f846d2d1b; booking-checkout; webhook; stripeServer; bookingCancellation; payout/checkout/refund tests,booking-checkout; webhook; stripeServer; bookingCancellation,/api/stripe/*; /api/admin/finance*,bookings; webhook events; finance events; payout attempts,Stripe/Connect/refunds,provider retry,payout/checkout/refund tests,Approved charge model; grace/capture; replay,Financial/legal,Founder/payments/legal,Stripe test accounts,Approve architecture,Phase B,High,Exact payment code + CI
WS05-003,"Workstream 5 — Connected deposits, delayed capture, cancellation, and refunds",Girlz Culture does not charge a service-booking commission.,"Booking payments, connected salons, refunds, finance and support",Partially implemented,Some layers exist; workflow not end-to-end.,52af829ae8934a6607c32e1372c55d9f846d2d1b; booking-checkout; webhook; stripeServer; bookingCancellation; payout/checkout/refund tests,booking-checkout; webhook; stripeServer; bookingCancellation,/api/stripe/*; /api/admin/finance*,bookings; webhook events; finance events; payout attempts,Stripe/Connect/refunds,provider retry,payout/checkout/refund tests,Approved charge model; grace/capture; replay,Financial/legal,Founder/payments/legal,Stripe test accounts,Approve architecture,Phase B,High,Exact payment code + CI
WS05-004,"Workstream 5 — Connected deposits, delayed capture, cancellation, and refunds",The customer receives a 30-minute grace period.,"Booking payments, connected salons, refunds, finance and support",Unsafe,Current behavior conflicts with unresolved high-risk rules.,52af829ae8934a6607c32e1372c55d9f846d2d1b; booking-checkout; webhook; stripeServer; bookingCancellation; payout/checkout/refund tests,booking-checkout; webhook; stripeServer; bookingCancellation,/api/stripe/*; /api/admin/finance*,bookings; webhook events; finance events; payout attempts,Stripe/Connect/refunds,provider retry,payout/checkout/refund tests,Approved charge model; grace/capture; replay,Financial/legal,Founder/payments/legal,Stripe test accounts,Approve architecture,Phase B,High,Exact payment code + CI
WS05-005,"Workstream 5 — Connected deposits, delayed capture, cancellation, and refunds","During the grace period, the payment is authorized but not captured.","Booking payments, connected salons, refunds, finance and support",Unsafe,Current behavior conflicts with unresolved high-risk rules.,52af829ae8934a6607c32e1372c55d9f846d2d1b; booking-checkout; webhook; stripeServer; bookingCancellation; payout/checkout/refund tests,booking-checkout; webhook; stripeServer; bookingCancellation,/api/stripe/*; /api/admin/finance*,bookings; webhook events; finance events; payout attempts,Stripe/Connect/refunds,provider retry,payout/checkout/refund tests,Approved charge model; grace/capture; replay,Financial/legal,Founder/payments/legal,Stripe test accounts,Approve architecture,Phase B,High,Exact payment code + CI
WS05-006,"Workstream 5 — Connected deposits, delayed capture, cancellation, and refunds",Salon cancellation triggers an automatic refund.,"Booking payments, connected salons, refunds, finance and support",Partially implemented,Some layers exist; workflow not end-to-end.,52af829ae8934a6607c32e1372c55d9f846d2d1b; booking-checkout; webhook; stripeServer; bookingCancellation; payout/checkout/refund tests,booking-checkout; webhook; stripeServer; bookingCancellation,/api/stripe/*; /api/admin/finance*,bookings; webhook events; finance events; payout attempts,Stripe/Connect/refunds,provider retry,payout/checkout/refund tests,Approved charge model; grace/capture; replay,Financial/legal,Founder/payments/legal,Stripe test accounts,Approve architecture,Phase B,High,Exact payment code + CI
WS05-007,"Workstream 5 — Connected deposits, delayed capture, cancellation, and refunds",The system must handle failures and insufficient balances.,"Booking payments, connected salons, refunds, finance and support",Partially implemented,Some layers exist; workflow not end-to-end.,52af829ae8934a6607c32e1372c55d9f846d2d1b; booking-checkout; webhook; stripeServer; bookingCancellation; payout/checkout/refund tests,booking-checkout; webhook; stripeServer; bookingCancellation,/api/stripe/*; /api/admin/finance*,bookings; webhook events; finance events; payout attempts,Stripe/Connect/refunds,provider retry,payout/checkout/refund tests,Approved charge model; grace/capture; replay,Financial/legal,Founder/payments/legal,Stripe test accounts,Approve architecture,Phase B,High,Exact payment code + CI
WS05-008,"Workstream 5 — Connected deposits, delayed capture, cancellation, and refunds",Current Stripe integration.,"Booking payments, connected salons, refunds, finance and support",Unsafe,Current behavior conflicts with unresolved high-risk rules.,52af829ae8934a6607c32e1372c55d9f846d2d1b; booking-checkout; webhook; stripeServer; bookingCancellation; payout/checkout/refund tests,booking-checkout; webhook; stripeServer; bookingCancellation,/api/stripe/*; /api/admin/finance*,bookings; webhook events; finance events; payout attempts,Stripe/Connect/refunds,provider retry,payout/checkout/refund tests,Approved charge model; grace/capture; replay,Financial/legal,Founder/payments/legal,Stripe test accounts,Approve architecture,Phase B,High,Exact payment code + CI
WS05-009,"Workstream 5 — Connected deposits, delayed capture, cancellation, and refunds",Current Connect account type.,"Booking payments, connected salons, refunds, finance and support",Unsafe,Current behavior conflicts with unresolved high-risk rules.,52af829ae8934a6607c32e1372c55d9f846d2d1b; booking-checkout; webhook; stripeServer; bookingCancellation; payout/checkout/refund tests,booking-checkout; webhook; stripeServer; bookingCancellation,/api/stripe/*; /api/admin/finance*,bookings; webhook events; finance events; payout attempts,Stripe/Connect/refunds,provider retry,payout/checkout/refund tests,Approved charge model; grace/capture; replay,Financial/legal,Founder/payments/legal,Stripe test accounts,Approve architecture,Phase B,High,Exact payment code + CI
WS05-010,"Workstream 5 — Connected deposits, delayed capture, cancellation, and refunds",Current charge type.,"Booking payments, connected salons, refunds, finance and support",Unsafe,Current behavior conflicts with unresolved high-risk rules.,52af829ae8934a6607c32e1372c55d9f846d2d1b; booking-checkout; webhook; stripeServer; bookingCancellation; payout/checkout/refund tests,booking-checkout; webhook; stripeServer; bookingCancellation,/api/stripe/*; /api/admin/finance*,bookings; webhook events; finance events; payout attempts,Stripe/Connect/refunds,provider retry,payout/checkout/refund tests,Approved charge model; grace/capture; replay,Financial/legal,Founder/payments/legal,Stripe test accounts,Approve architecture,Phase B,High,Exact payment code + CI
WS05-011,"Workstream 5 — Connected deposits, delayed capture, cancellation, and refunds",Current destination of deposits.,"Booking payments, connected salons, refunds, finance and support",Unsafe,Current behavior conflicts with unresolved high-risk rules.,52af829ae8934a6607c32e1372c55d9f846d2d1b; booking-checkout; webhook; stripeServer; bookingCancellation; payout/checkout/refund tests,booking-checkout; webhook; stripeServer; bookingCancellation,/api/stripe/*; /api/admin/finance*,bookings; webhook events; finance events; payout attempts,Stripe/Connect/refunds,provider retry,payout/checkout/refund tests,Approved charge model; grace/capture; replay,Financial/legal,Founder/payments/legal,Stripe test accounts,Approve architecture,Phase B,High,Exact payment code + CI
WS05-012,"Workstream 5 — Connected deposits, delayed capture, cancellation, and refunds",Current refund process.,"Booking payments, connected salons, refunds, finance and support",Unsafe,Current behavior conflicts with unresolved high-risk rules.,52af829ae8934a6607c32e1372c55d9f846d2d1b; booking-checkout; webhook; stripeServer; bookingCancellation; payout/checkout/refund tests,booking-checkout; webhook; stripeServer; bookingCancellation,/api/stripe/*; /api/admin/finance*,bookings; webhook events; finance events; payout attempts,Stripe/Connect/refunds,provider retry,payout/checkout/refund tests,Approved charge model; grace/capture; replay,Financial/legal,Founder/payments/legal,Stripe test accounts,Approve architecture,Phase B,High,Exact payment code + CI
WS05-013,"Workstream 5 — Connected deposits, delayed capture, cancellation, and refunds",Current dispute responsibility.,"Booking payments, connected salons, refunds, finance and support",Unsafe,Current behavior conflicts with unresolved high-risk rules.,52af829ae8934a6607c32e1372c55d9f846d2d1b; booking-checkout; webhook; stripeServer; bookingCancellation; payout/checkout/refund tests,booking-checkout; webhook; stripeServer; bookingCancellation,/api/stripe/*; /api/admin/finance*,bookings; webhook events; finance events; payout attempts,Stripe/Connect/refunds,provider retry,payout/checkout/refund tests,Approved charge model; grace/capture; replay,Financial/legal,Founder/payments/legal,Stripe test accounts,Approve architecture,Phase B,High,Exact payment code + CI
WS05-014,"Workstream 5 — Connected deposits, delayed capture, cancellation, and refunds",Current webhook coverage.,"Booking payments, connected salons, refunds, finance and support",Unsafe,Current behavior conflicts with unresolved high-risk rules.,52af829ae8934a6607c32e1372c55d9f846d2d1b; booking-checkout; webhook; stripeServer; bookingCancellation; payout/checkout/refund tests,booking-checkout; webhook; stripeServer; bookingCancellation,/api/stripe/*; /api/admin/finance*,bookings; webhook events; finance events; payout attempts,Stripe/Connect/refunds,provider retry,payout/checkout/refund tests,Approved charge model; grace/capture; replay,Financial/legal,Founder/payments/legal,Stripe test accounts,Approve architecture,Phase B,High,Exact payment code + CI
WS05-015,"Workstream 5 — Connected deposits, delayed capture, cancellation, and refunds",Current reconciliation and reporting.,"Booking payments, connected salons, refunds, finance and support",Unsafe,Current behavior conflicts with unresolved high-risk rules.,52af829ae8934a6607c32e1372c55d9f846d2d1b; booking-checkout; webhook; stripeServer; bookingCancellation; payout/checkout/refund tests,booking-checkout; webhook; stripeServer; bookingCancellation,/api/stripe/*; /api/admin/finance*,bookings; webhook events; finance events; payout attempts,Stripe/Connect/refunds,provider retry,payout/checkout/refund tests,Approved charge model; grace/capture; replay,Financial/legal,Founder/payments/legal,Stripe test accounts,Approve architecture,Phase B,High,Exact payment code + CI
WS05-016,"Workstream 5 — Connected deposits, delayed capture, cancellation, and refunds",Current handling of negative connected-account balances.,"Booking payments, connected salons, refunds, finance and support",Unsafe,Current behavior conflicts with unresolved high-risk rules.,52af829ae8934a6607c32e1372c55d9f846d2d1b; booking-checkout; webhook; stripeServer; bookingCancellation; payout/checkout/refund tests,booking-checkout; webhook; stripeServer; bookingCancellation,/api/stripe/*; /api/admin/finance*,bookings; webhook events; finance events; payout attempts,Stripe/Connect/refunds,provider retry,payout/checkout/refund tests,Approved charge model; grace/capture; replay,Financial/legal,Founder/payments/legal,Stripe test accounts,Approve architecture,Phase B,High,Exact payment code + CI
WS05-017,"Workstream 5 — Connected deposits, delayed capture, cancellation, and refunds",Current test-mode coverage.,"Booking payments, connected salons, refunds, finance and support",Unsafe,Current behavior conflicts with unresolved high-risk rules.,52af829ae8934a6607c32e1372c55d9f846d2d1b; booking-checkout; webhook; stripeServer; bookingCancellation; payout/checkout/refund tests,booking-checkout; webhook; stripeServer; bookingCancellation,/api/stripe/*; /api/admin/finance*,bookings; webhook events; finance events; payout attempts,Stripe/Connect/refunds,provider retry,payout/checkout/refund tests,Approved charge model; grace/capture; replay,Financial/legal,Founder/payments/legal,Stripe test accounts,Approve architecture,Phase B,High,Exact payment code + CI
WS05-018,"Workstream 5 — Connected deposits, delayed capture, cancellation, and refunds","Salon deposit configuration: Percentage between 10% and 50%.; Preview of dollar amount.; Optional maximum dollar cap, once approved.; Effective-date history.","Booking payments, connected salons, refunds, finance and support",Complete but weak,Real implementation; handoff quality/provider gaps remain.,52af829ae8934a6607c32e1372c55d9f846d2d1b; booking-checkout; webhook; stripeServer; bookingCancellation; payout/checkout/refund tests,booking-checkout; webhook; stripeServer; bookingCancellation,/api/stripe/*; /api/admin/finance*,bookings; webhook events; finance events; payout attempts,Stripe/Connect/refunds,provider retry,payout/checkout/refund tests,Approved charge model; grace/capture; replay,Financial/legal,Founder/payments/legal,Stripe test accounts,Approve architecture,Phase B,High,Exact payment code + CI
WS05-019,"Workstream 5 — Connected deposits, delayed capture, cancellation, and refunds",Payment authorization at booking.,"Booking payments, connected salons, refunds, finance and support",Unsafe,Current behavior conflicts with unresolved high-risk rules.,52af829ae8934a6607c32e1372c55d9f846d2d1b; booking-checkout; webhook; stripeServer; bookingCancellation; payout/checkout/refund tests,booking-checkout; webhook; stripeServer; bookingCancellation,/api/stripe/*; /api/admin/finance*,bookings; webhook events; finance events; payout attempts,Stripe/Connect/refunds,provider retry,payout/checkout/refund tests,Approved charge model; grace/capture; replay,Financial/legal,Founder/payments/legal,Stripe test accounts,Approve architecture,Phase B,High,Exact payment code + CI
WS05-020,"Workstream 5 — Connected deposits, delayed capture, cancellation, and refunds",Thirty-minute countdown.,"Booking payments, connected salons, refunds, finance and support",Unsafe,Current behavior conflicts with unresolved high-risk rules.,52af829ae8934a6607c32e1372c55d9f846d2d1b; booking-checkout; webhook; stripeServer; bookingCancellation; payout/checkout/refund tests,booking-checkout; webhook; stripeServer; bookingCancellation,/api/stripe/*; /api/admin/finance*,bookings; webhook events; finance events; payout attempts,Stripe/Connect/refunds,provider retry,payout/checkout/refund tests,Approved charge model; grace/capture; replay,Financial/legal,Founder/payments/legal,Stripe test accounts,Approve architecture,Phase B,High,Exact payment code + CI
WS05-021,"Workstream 5 — Connected deposits, delayed capture, cancellation, and refunds",Cancellation of authorization during grace.,"Booking payments, connected salons, refunds, finance and support",Unsafe,Current behavior conflicts with unresolved high-risk rules.,52af829ae8934a6607c32e1372c55d9f846d2d1b; booking-checkout; webhook; stripeServer; bookingCancellation; payout/checkout/refund tests,booking-checkout; webhook; stripeServer; bookingCancellation,/api/stripe/*; /api/admin/finance*,bookings; webhook events; finance events; payout attempts,Stripe/Connect/refunds,provider retry,payout/checkout/refund tests,Approved charge model; grace/capture; replay,Financial/legal,Founder/payments/legal,Stripe test accounts,Approve architecture,Phase B,High,Exact payment code + CI
WS05-022,"Workstream 5 — Connected deposits, delayed capture, cancellation, and refunds",Automatic capture after grace.,"Booking payments, connected salons, refunds, finance and support",Unsafe,Current behavior conflicts with unresolved high-risk rules.,52af829ae8934a6607c32e1372c55d9f846d2d1b; booking-checkout; webhook; stripeServer; bookingCancellation; payout/checkout/refund tests,booking-checkout; webhook; stripeServer; bookingCancellation,/api/stripe/*; /api/admin/finance*,bookings; webhook events; finance events; payout attempts,Stripe/Connect/refunds,provider retry,payout/checkout/refund tests,Approved charge model; grace/capture; replay,Financial/legal,Founder/payments/legal,Stripe test accounts,Approve architecture,Phase B,High,Exact payment code + CI
WS05-023,"Workstream 5 — Connected deposits, delayed capture, cancellation, and refunds",Capture-failure recovery: Customer notification.; Limited payment-update window.; Salon notification.; Automatic release of slot if unresolved.,"Booking payments, connected salons, refunds, finance and support",Unsafe,Current behavior conflicts with unresolved high-risk rules.,52af829ae8934a6607c32e1372c55d9f846d2d1b; booking-checkout; webhook; stripeServer; bookingCancellation; payout/checkout/refund tests,booking-checkout; webhook; stripeServer; bookingCancellation,/api/stripe/*; /api/admin/finance*,bookings; webhook events; finance events; payout attempts,Stripe/Connect/refunds,provider retry,payout/checkout/refund tests,Approved charge model; grace/capture; replay,Financial/legal,Founder/payments/legal,Stripe test accounts,Approve architecture,Phase B,High,Exact payment code + CI
WS05-024,"Workstream 5 — Connected deposits, delayed capture, cancellation, and refunds",Salon cancellation: Automatic refund initiation.; Customer notification.; Salon cancellation event.; Customer-care-credit evaluation.; Salon performance update.,"Booking payments, connected salons, refunds, finance and support",Partially implemented,Some layers exist; workflow not end-to-end.,52af829ae8934a6607c32e1372c55d9f846d2d1b; booking-checkout; webhook; stripeServer; bookingCancellation; payout/checkout/refund tests,booking-checkout; webhook; stripeServer; bookingCancellation,/api/stripe/*; /api/admin/finance*,bookings; webhook events; finance events; payout attempts,Stripe/Connect/refunds,provider retry,payout/checkout/refund tests,Approved charge model; grace/capture; replay,Financial/legal,Founder/payments/legal,Stripe test accounts,Approve architecture,Phase B,High,Exact payment code + CI
WS05-025,"Workstream 5 — Connected deposits, delayed capture, cancellation, and refunds",Customer cancellation after grace: Formal cancellation action.; Policy calculation.; Reschedule option where permitted.; Correct deposit outcome.,"Booking payments, connected salons, refunds, finance and support",Partially implemented,Some layers exist; workflow not end-to-end.,52af829ae8934a6607c32e1372c55d9f846d2d1b; booking-checkout; webhook; stripeServer; bookingCancellation; payout/checkout/refund tests,booking-checkout; webhook; stripeServer; bookingCancellation,/api/stripe/*; /api/admin/finance*,bookings; webhook events; finance events; payout attempts,Stripe/Connect/refunds,provider retry,payout/checkout/refund tests,Approved charge model; grace/capture; replay,Financial/legal,Founder/payments/legal,Stripe test accounts,Approve architecture,Phase B,High,Exact payment code + CI
WS05-026,"Workstream 5 — Connected deposits, delayed capture, cancellation, and refunds",Webhook handling: Signature verification.; Idempotency.; Retry logic.; Dead-letter queue.; Admin replay control.,"Booking payments, connected salons, refunds, finance and support",Complete and correct,Verified within current repository/CI scope.,52af829ae8934a6607c32e1372c55d9f846d2d1b; booking-checkout; webhook; stripeServer; bookingCancellation; payout/checkout/refund tests,booking-checkout; webhook; stripeServer; bookingCancellation,/api/stripe/*; /api/admin/finance*,bookings; webhook events; finance events; payout attempts,Stripe/Connect/refunds,provider retry,payout/checkout/refund tests,Approved charge model; grace/capture; replay,Financial/legal,Founder/payments/legal,Stripe test accounts,Approve architecture,Phase B,High,Exact payment code + CI
WS05-027,"Workstream 5 — Connected deposits, delayed capture, cancellation, and refunds",Payment reconciliation dashboard.,"Booking payments, connected salons, refunds, finance and support",Partially implemented,Some layers exist; workflow not end-to-end.,52af829ae8934a6607c32e1372c55d9f846d2d1b; booking-checkout; webhook; stripeServer; bookingCancellation; payout/checkout/refund tests,booking-checkout; webhook; stripeServer; bookingCancellation,/api/stripe/*; /api/admin/finance*,bookings; webhook events; finance events; payout attempts,Stripe/Connect/refunds,provider retry,payout/checkout/refund tests,Approved charge model; grace/capture; replay,Financial/legal,Founder/payments/legal,Stripe test accounts,Approve architecture,Phase B,High,Exact payment code + CI
WS05-028,"Workstream 5 — Connected deposits, delayed capture, cancellation, and refunds",Refund and payment exports.,"Booking payments, connected salons, refunds, finance and support",Partially implemented,Some layers exist; workflow not end-to-end.,52af829ae8934a6607c32e1372c55d9f846d2d1b; booking-checkout; webhook; stripeServer; bookingCancellation; payout/checkout/refund tests,booking-checkout; webhook; stripeServer; bookingCancellation,/api/stripe/*; /api/admin/finance*,bookings; webhook events; finance events; payout attempts,Stripe/Connect/refunds,provider retry,payout/checkout/refund tests,Approved charge model; grace/capture; replay,Financial/legal,Founder/payments/legal,Stripe test accounts,Approve architecture,Phase B,High,Exact payment code + CI
WS05-029,"Workstream 5 — Connected deposits, delayed capture, cancellation, and refunds",Test-mode connected salon accounts.,"Booking payments, connected salons, refunds, finance and support",Partially implemented,Some layers exist; workflow not end-to-end.,52af829ae8934a6607c32e1372c55d9f846d2d1b; booking-checkout; webhook; stripeServer; bookingCancellation; payout/checkout/refund tests,booking-checkout; webhook; stripeServer; bookingCancellation,/api/stripe/*; /api/admin/finance*,bookings; webhook events; finance events; payout attempts,Stripe/Connect/refunds,provider retry,payout/checkout/refund tests,Approved charge model; grace/capture; replay,Financial/legal,Founder/payments/legal,Stripe test accounts,Approve architecture,Phase B,High,Exact payment code + CI
WS05-030,"Workstream 5 — Connected deposits, delayed capture, cancellation, and refunds",Automated tests covering: Grace cancellation.; Successful capture.; Failed capture.; Duplicate webhook.; Salon cancellation.; Customer cancellation.; Refund failure.; Insufficient salon balance.; Payment dispute.; Network interruption.,"Booking payments, connected salons, refunds, finance and support",Unsafe,Current behavior conflicts with unresolved high-risk rules.,52af829ae8934a6607c32e1372c55d9f846d2d1b; booking-checkout; webhook; stripeServer; bookingCancellation; payout/checkout/refund tests,booking-checkout; webhook; stripeServer; bookingCancellation,/api/stripe/*; /api/admin/finance*,bookings; webhook events; finance events; payout attempts,Stripe/Connect/refunds,provider retry,payout/checkout/refund tests,Approved charge model; grace/capture; replay,Financial/legal,Founder/payments/legal,Stripe test accounts,Approve architecture,Phase B,High,Exact payment code + CI
WS06-001,Workstream 6 — Booking conversation and monitored communication,Customer.,"Customer, salon, stylist and support booking communication",Complete but weak,Real implementation; handoff quality/provider gaps remain.,52af829ae8934a6607c32e1372c55d9f846d2d1b; messages route; booking_messages migrations; message/i18n checks,messages route; booking_messages migrations,/api/messages; dashboard chat,booking_messages; notifications,Email/SMS/push,none universal,message/i18n checks,Conversation aggregate; attachments; access/export,Privacy/evidence,Legal/Support,providers,Consolidate chat,Phase B,High,Route/schema search
WS06-002,Workstream 6 — Booking conversation and monitored communication,Salon.,"Customer, salon, stylist and support booking communication",Complete but weak,Real implementation; handoff quality/provider gaps remain.,52af829ae8934a6607c32e1372c55d9f846d2d1b; messages route; booking_messages migrations; message/i18n checks,messages route; booking_messages migrations,/api/messages; dashboard chat,booking_messages; notifications,Email/SMS/push,none universal,message/i18n checks,Conversation aggregate; attachments; access/export,Privacy/evidence,Legal/Support,providers,Consolidate chat,Phase B,High,Route/schema search
WS06-003,Workstream 6 — Booking conversation and monitored communication,Assigned stylist when applicable.,"Customer, salon, stylist and support booking communication",Complete but weak,Real implementation; handoff quality/provider gaps remain.,52af829ae8934a6607c32e1372c55d9f846d2d1b; messages route; booking_messages migrations; message/i18n checks,messages route; booking_messages migrations,/api/messages; dashboard chat,booking_messages; notifications,Email/SMS/push,none universal,message/i18n checks,Conversation aggregate; attachments; access/export,Privacy/evidence,Legal/Support,providers,Consolidate chat,Phase B,High,Route/schema search
WS06-004,Workstream 6 — Booking conversation and monitored communication,Girlz Culture system messages.,"Customer, salon, stylist and support booking communication",Complete but weak,Real implementation; handoff quality/provider gaps remain.,52af829ae8934a6607c32e1372c55d9f846d2d1b; messages route; booking_messages migrations; message/i18n checks,messages route; booking_messages migrations,/api/messages; dashboard chat,booking_messages; notifications,Email/SMS/push,none universal,message/i18n checks,Conversation aggregate; attachments; access/export,Privacy/evidence,Legal/Support,providers,Consolidate chat,Phase B,High,Route/schema search
WS06-005,Workstream 6 — Booking conversation and monitored communication,Girlz Culture support access when legitimately required.,"Customer, salon, stylist and support booking communication",Missing,No meaningful implementation found.,52af829ae8934a6607c32e1372c55d9f846d2d1b; messages route; booking_messages migrations; message/i18n checks,messages route; booking_messages migrations,/api/messages; dashboard chat,booking_messages; notifications,Email/SMS/push,none universal,message/i18n checks,Conversation aggregate; attachments; access/export,Privacy/evidence,Legal/Support,providers,Consolidate chat,Phase B,High,Route/schema search
WS06-006,Workstream 6 — Booking conversation and monitored communication,Data model: Conversations.; Booking association.; Participants.; Messages.; Attachments.; Read status.; Delivery status.; Message edits.; Message deletion policy.; Translations.; Moderation flags.; Support-access records.; System events.; Retention status.,"Customer, salon, stylist and support booking communication",Complete but weak,Real implementation; handoff quality/provider gaps remain.,52af829ae8934a6607c32e1372c55d9f846d2d1b; messages route; booking_messages migrations; message/i18n checks,messages route; booking_messages migrations,/api/messages; dashboard chat,booking_messages; notifications,Email/SMS/push,none universal,message/i18n checks,Conversation aggregate; attachments; access/export,Privacy/evidence,Legal/Support,providers,Consolidate chat,Phase B,Medium,Route/schema search
WS06-007,Workstream 6 — Booking conversation and monitored communication,Customer interface: Booking chat.; Unread indicator.; Attachments where permitted.; Translate option.; Report message.; Quick actions:; I am running late.; I have arrived.; I cannot find the salon.; I need preparation instructions.; I need to reschedule.; Cancel appointment.; Report a problem.,"Customer, salon, stylist and support booking communication",Complete but weak,Real implementation; handoff quality/provider gaps remain.,52af829ae8934a6607c32e1372c55d9f846d2d1b; messages route; booking_messages migrations; message/i18n checks,messages route; booking_messages migrations,/api/messages; dashboard chat,booking_messages; notifications,Email/SMS/push,none universal,message/i18n checks,Conversation aggregate; attachments; access/export,Privacy/evidence,Legal/Support,providers,Consolidate chat,Phase B,High,Route/schema search
WS06-008,Workstream 6 — Booking conversation and monitored communication,Salon interface: Confirm appointment.; Send preparation instructions.; Hair is included.; Customer must bring hair.; Stylist changed.; Salon is running late.; Request reschedule.; Cancel appointment.; Mark arrived.; Mark completed.; Report no-show.,"Customer, salon, stylist and support booking communication",Partially implemented,Some layers exist; workflow not end-to-end.,52af829ae8934a6607c32e1372c55d9f846d2d1b; messages route; booking_messages migrations; message/i18n checks,messages route; booking_messages migrations,/api/messages; dashboard chat,booking_messages; notifications,Email/SMS/push,none universal,message/i18n checks,Conversation aggregate; attachments; access/export,Privacy/evidence,Legal/Support,providers,Consolidate chat,Phase B,High,Route/schema search
WS06-009,Workstream 6 — Booking conversation and monitored communication,System behavior: Create the conversation automatically.; Post the appointment summary automatically.; Post payment-state changes automatically.; Post cancellation events automatically.; Post refund events automatically.; Record time-stamped formal actions.; Notify participants through their chosen channels.,"Customer, salon, stylist and support booking communication",Partially implemented,Some layers exist; workflow not end-to-end.,52af829ae8934a6607c32e1372c55d9f846d2d1b; messages route; booking_messages migrations; message/i18n checks,messages route; booking_messages migrations,/api/messages; dashboard chat,booking_messages; notifications,Email/SMS/push,none universal,message/i18n checks,Conversation aggregate; attachments; access/export,Privacy/evidence,Legal/Support,providers,Consolidate chat,Phase B,High,Route/schema search
WS06-010,Workstream 6 — Booking conversation and monitored communication,Administrative capability: View conversation when authorized.; See why staff accessed it.; Record staff access.; Export conversation and system-event timeline.; Redact sensitive information when exporting.; Attach conversation evidence to a dispute.; Prevent unauthorized staff from browsing conversations.,"Customer, salon, stylist and support booking communication",Missing,No meaningful implementation found.,52af829ae8934a6607c32e1372c55d9f846d2d1b; messages route; booking_messages migrations; message/i18n checks,messages route; booking_messages migrations,/api/messages; dashboard chat,booking_messages; notifications,Email/SMS/push,none universal,message/i18n checks,Conversation aggregate; attachments; access/export,Privacy/evidence,Legal/Support,providers,Consolidate chat,Phase B,High,Route/schema search
WS06-011,Workstream 6 — Booking conversation and monitored communication,Who cancelled.,"Customer, salon, stylist and support booking communication",Partially implemented,Some layers exist; workflow not end-to-end.,52af829ae8934a6607c32e1372c55d9f846d2d1b; messages route; booking_messages migrations; message/i18n checks,messages route; booking_messages migrations,/api/messages; dashboard chat,booking_messages; notifications,Email/SMS/push,none universal,message/i18n checks,Conversation aggregate; attachments; access/export,Privacy/evidence,Legal/Support,providers,Consolidate chat,Phase B,High,Route/schema search
WS06-012,Workstream 6 — Booking conversation and monitored communication,When.,"Customer, salon, stylist and support booking communication",Partially implemented,Some layers exist; workflow not end-to-end.,52af829ae8934a6607c32e1372c55d9f846d2d1b; messages route; booking_messages migrations; message/i18n checks,messages route; booking_messages migrations,/api/messages; dashboard chat,booking_messages; notifications,Email/SMS/push,none universal,message/i18n checks,Conversation aggregate; attachments; access/export,Privacy/evidence,Legal/Support,providers,Consolidate chat,Phase B,High,Route/schema search
WS06-013,Workstream 6 — Booking conversation and monitored communication,Which policy version applied.,"Customer, salon, stylist and support booking communication",Partially implemented,Some layers exist; workflow not end-to-end.,52af829ae8934a6607c32e1372c55d9f846d2d1b; messages route; booking_messages migrations; message/i18n checks,messages route; booking_messages migrations,/api/messages; dashboard chat,booking_messages; notifications,Email/SMS/push,none universal,message/i18n checks,Conversation aggregate; attachments; access/export,Privacy/evidence,Legal/Support,providers,Consolidate chat,Phase B,High,Route/schema search
WS06-014,Workstream 6 — Booking conversation and monitored communication,"Whether the deposit was authorized, captured, retained, or refunded.","Customer, salon, stylist and support booking communication",Partially implemented,Some layers exist; workflow not end-to-end.,52af829ae8934a6607c32e1372c55d9f846d2d1b; messages route; booking_messages migrations; message/i18n checks,messages route; booking_messages migrations,/api/messages; dashboard chat,booking_messages; notifications,Email/SMS/push,none universal,message/i18n checks,Conversation aggregate; attachments; access/export,Privacy/evidence,Legal/Support,providers,Consolidate chat,Phase B,High,Route/schema search
WS07-001,Workstream 7 — Domain-event and audit foundation,Analytics.,"All business domains, analytics, support, monitoring and future AI operations",Partially implemented,Some layers exist; workflow not end-to-end.,52af829ae8934a6607c32e1372c55d9f846d2d1b; domain routes; audit/event migrations; clean DB feature checks,domain routes; audit/event migrations,many APIs,multiple audit/event tables,Direct inserts/RPCs,no canonical dispatcher,clean DB feature checks,Versioned event/outbox/correlation,Data integrity,Data/Analytics,None,Design event foundation,Phase A,High,Repo-wide searches
WS07-002,Workstream 7 — Domain-event and audit foundation,Customer support.,"All business domains, analytics, support, monitoring and future AI operations",Partially implemented,Some layers exist; workflow not end-to-end.,52af829ae8934a6607c32e1372c55d9f846d2d1b; domain routes; audit/event migrations; clean DB feature checks,domain routes; audit/event migrations,many APIs,multiple audit/event tables,Direct inserts/RPCs,no canonical dispatcher,clean DB feature checks,Versioned event/outbox/correlation,Data integrity,Data/Analytics,None,Design event foundation,Phase A,High,Repo-wide searches
WS07-003,Workstream 7 — Domain-event and audit foundation,Disputes.,"All business domains, analytics, support, monitoring and future AI operations",Partially implemented,Some layers exist; workflow not end-to-end.,52af829ae8934a6607c32e1372c55d9f846d2d1b; domain routes; audit/event migrations; clean DB feature checks,domain routes; audit/event migrations,many APIs,multiple audit/event tables,Direct inserts/RPCs,no canonical dispatcher,clean DB feature checks,Versioned event/outbox/correlation,Data integrity,Data/Analytics,None,Design event foundation,Phase A,High,Repo-wide searches
WS07-004,Workstream 7 — Domain-event and audit foundation,Notifications.,"All business domains, analytics, support, monitoring and future AI operations",Partially implemented,Some layers exist; workflow not end-to-end.,52af829ae8934a6607c32e1372c55d9f846d2d1b; domain routes; audit/event migrations; clean DB feature checks,domain routes; audit/event migrations,many APIs,multiple audit/event tables,Direct inserts/RPCs,no canonical dispatcher,clean DB feature checks,Versioned event/outbox/correlation,Data integrity,Data/Analytics,None,Design event foundation,Phase A,High,Repo-wide searches
WS07-005,Workstream 7 — Domain-event and audit foundation,Advertising measurement.,"All business domains, analytics, support, monitoring and future AI operations",Partially implemented,Some layers exist; workflow not end-to-end.,52af829ae8934a6607c32e1372c55d9f846d2d1b; domain routes; audit/event migrations; clean DB feature checks,domain routes; audit/event migrations,many APIs,multiple audit/event tables,Direct inserts/RPCs,no canonical dispatcher,clean DB feature checks,Versioned event/outbox/correlation,Data integrity,Data/Analytics,None,Design event foundation,Phase A,High,Repo-wide searches
WS07-006,Workstream 7 — Domain-event and audit foundation,Monitoring.,"All business domains, analytics, support, monitoring and future AI operations",Partially implemented,Some layers exist; workflow not end-to-end.,52af829ae8934a6607c32e1372c55d9f846d2d1b; domain routes; audit/event migrations; clean DB feature checks,domain routes; audit/event migrations,many APIs,multiple audit/event tables,Direct inserts/RPCs,no canonical dispatcher,clean DB feature checks,Versioned event/outbox/correlation,Data integrity,Data/Analytics,None,Design event foundation,Phase A,High,Repo-wide searches
WS07-007,Workstream 7 — Domain-event and audit foundation,Future AI operations.,"All business domains, analytics, support, monitoring and future AI operations",Partially implemented,Some layers exist; workflow not end-to-end.,52af829ae8934a6607c32e1372c55d9f846d2d1b; domain routes; audit/event migrations; clean DB feature checks,domain routes; audit/event migrations,many APIs,multiple audit/event tables,Direct inserts/RPCs,no canonical dispatcher,clean DB feature checks,Versioned event/outbox/correlation,Data integrity,Data/Analytics,None,Design event foundation,Phase A,High,Repo-wide searches
WS07-008,Workstream 7 — Domain-event and audit foundation,Reliable auditing.,"All business domains, analytics, support, monitoring and future AI operations",Partially implemented,Some layers exist; workflow not end-to-end.,52af829ae8934a6607c32e1372c55d9f846d2d1b; domain routes; audit/event migrations; clean DB feature checks,domain routes; audit/event migrations,many APIs,multiple audit/event tables,Direct inserts/RPCs,no canonical dispatcher,clean DB feature checks,Versioned event/outbox/correlation,Data integrity,Data/Analytics,None,Design event foundation,Phase A,High,Repo-wide searches
WS07-009,Workstream 7 — Domain-event and audit foundation,Salon events: Salon application submitted.; Salon approved.; Salon rejected.; Salon suspended.; Salon reactivated.; Salon profile changed.; Deposit setting changed.; Subscription changed.; Google profile setup completed.; Advertising eligibility changed.,"All business domains, analytics, support, monitoring and future AI operations",Duplicated,Overlapping implementations; no single authority.,52af829ae8934a6607c32e1372c55d9f846d2d1b; domain routes; audit/event migrations; clean DB feature checks,domain routes; audit/event migrations,many APIs,multiple audit/event tables,Direct inserts/RPCs,no canonical dispatcher,clean DB feature checks,Versioned event/outbox/correlation,Data integrity,Data/Analytics,None,Design event foundation,Phase A,Medium,Repo-wide searches
WS07-010,Workstream 7 — Domain-event and audit foundation,Booking events: Search performed.; Profile viewed.; Service viewed.; Slot held.; Booking created.; Authorization succeeded.; Authorization failed.; Grace period started.; Booking cancelled during grace.; Deposit captured.; Capture failed.; Booking confirmed.; Customer rescheduled.; Salon rescheduled.; Customer cancelled.; Salon cancelled.; Customer arrived.; Salon marked customer late.; Salon marked no-show.; Appointment completed.; Completion disputed.,"All business domains, analytics, support, monitoring and future AI operations",Duplicated,Overlapping implementations; no single authority.,52af829ae8934a6607c32e1372c55d9f846d2d1b; domain routes; audit/event migrations; clean DB feature checks,domain routes; audit/event migrations,many APIs,multiple audit/event tables,Direct inserts/RPCs,no canonical dispatcher,clean DB feature checks,Versioned event/outbox/correlation,Data integrity,Data/Analytics,None,Design event foundation,Phase A,High,Repo-wide searches
WS07-011,Workstream 7 — Domain-event and audit foundation,Payment events: Connected account created.; Verification required.; Verification completed.; Refund requested.; Refund succeeded.; Refund failed.; Dispute opened.; Dispute updated.; Dispute resolved.; Payout failed.,"All business domains, analytics, support, monitoring and future AI operations",Duplicated,Overlapping implementations; no single authority.,52af829ae8934a6607c32e1372c55d9f846d2d1b; domain routes; audit/event migrations; clean DB feature checks,domain routes; audit/event migrations,many APIs,multiple audit/event tables,Direct inserts/RPCs,no canonical dispatcher,clean DB feature checks,Versioned event/outbox/correlation,Data integrity,Data/Analytics,None,Design event foundation,Phase A,High,Repo-wide searches
WS07-012,Workstream 7 — Domain-event and audit foundation,Communication events: Conversation created.; Message sent.; Message delivered.; Message failed.; Message reported.; Support accessed conversation.; Translation requested.,"All business domains, analytics, support, monitoring and future AI operations",Duplicated,Overlapping implementations; no single authority.,52af829ae8934a6607c32e1372c55d9f846d2d1b; domain routes; audit/event migrations; clean DB feature checks,domain routes; audit/event migrations,many APIs,multiple audit/event tables,Direct inserts/RPCs,no canonical dispatcher,clean DB feature checks,Versioned event/outbox/correlation,Data integrity,Data/Analytics,None,Design event foundation,Phase A,Medium,Repo-wide searches
WS07-013,Workstream 7 — Domain-event and audit foundation,Advertising events: Placement viewed.; Slot held.; Campaign purchased.; Creative submitted.; Creative approved.; Creative rejected.; Campaign scheduled.; Campaign started.; Impression recorded.; Click recorded.; Booking attributed.; Campaign ended.; Campaign refunded.,"All business domains, analytics, support, monitoring and future AI operations",Duplicated,Overlapping implementations; no single authority.,52af829ae8934a6607c32e1372c55d9f846d2d1b; domain routes; audit/event migrations; clean DB feature checks,domain routes; audit/event migrations,many APIs,multiple audit/event tables,Direct inserts/RPCs,no canonical dispatcher,clean DB feature checks,Versioned event/outbox/correlation,Data integrity,Data/Analytics,None,Design event foundation,Phase A,High,Repo-wide searches
WS07-014,Workstream 7 — Domain-event and audit foundation,Define a versioned event schema.,"All business domains, analytics, support, monitoring and future AI operations",Missing,No meaningful implementation found.,52af829ae8934a6607c32e1372c55d9f846d2d1b; domain routes; audit/event migrations; clean DB feature checks,domain routes; audit/event migrations,many APIs,multiple audit/event tables,Direct inserts/RPCs,no canonical dispatcher,clean DB feature checks,Versioned event/outbox/correlation,Data integrity,Data/Analytics,None,Design event foundation,Phase A,High,Repo-wide searches
WS07-015,Workstream 7 — Domain-event and audit foundation,"Include event ID, event type, version, timestamp, actor, subject, related objects, source, and correlation ID.","All business domains, analytics, support, monitoring and future AI operations",Missing,No meaningful implementation found.,52af829ae8934a6607c32e1372c55d9f846d2d1b; domain routes; audit/event migrations; clean DB feature checks,domain routes; audit/event migrations,many APIs,multiple audit/event tables,Direct inserts/RPCs,no canonical dispatcher,clean DB feature checks,Versioned event/outbox/correlation,Data integrity,Data/Analytics,None,Design event foundation,Phase A,High,Repo-wide searches
WS07-016,Workstream 7 — Domain-event and audit foundation,Make event publication reliable.,"All business domains, analytics, support, monitoring and future AI operations",Partially implemented,Some layers exist; workflow not end-to-end.,52af829ae8934a6607c32e1372c55d9f846d2d1b; domain routes; audit/event migrations; clean DB feature checks,domain routes; audit/event migrations,many APIs,multiple audit/event tables,Direct inserts/RPCs,no canonical dispatcher,clean DB feature checks,Versioned event/outbox/correlation,Data integrity,Data/Analytics,None,Design event foundation,Phase A,High,Repo-wide searches
WS07-017,Workstream 7 — Domain-event and audit foundation,Prevent duplicate processing.,"All business domains, analytics, support, monitoring and future AI operations",Missing,No meaningful implementation found.,52af829ae8934a6607c32e1372c55d9f846d2d1b; domain routes; audit/event migrations; clean DB feature checks,domain routes; audit/event migrations,many APIs,multiple audit/event tables,Direct inserts/RPCs,no canonical dispatcher,clean DB feature checks,Versioned event/outbox/correlation,Data integrity,Data/Analytics,None,Design event foundation,Phase A,High,Repo-wide searches
WS07-018,Workstream 7 — Domain-event and audit foundation,Store enough information to reconstruct the business timeline.,"All business domains, analytics, support, monitoring and future AI operations",Partially implemented,Some layers exist; workflow not end-to-end.,52af829ae8934a6607c32e1372c55d9f846d2d1b; domain routes; audit/event migrations; clean DB feature checks,domain routes; audit/event migrations,many APIs,multiple audit/event tables,Direct inserts/RPCs,no canonical dispatcher,clean DB feature checks,Versioned event/outbox/correlation,Data integrity,Data/Analytics,None,Design event foundation,Phase A,High,Repo-wide searches
WS07-019,Workstream 7 — Domain-event and audit foundation,Protect sensitive information.,"All business domains, analytics, support, monitoring and future AI operations",Partially implemented,Some layers exist; workflow not end-to-end.,52af829ae8934a6607c32e1372c55d9f846d2d1b; domain routes; audit/event migrations; clean DB feature checks,domain routes; audit/event migrations,many APIs,multiple audit/event tables,Direct inserts/RPCs,no canonical dispatcher,clean DB feature checks,Versioned event/outbox/correlation,Data integrity,Data/Analytics,None,Design event foundation,Phase A,High,Repo-wide searches
WS07-020,Workstream 7 — Domain-event and audit foundation,Provide event search and export.,"All business domains, analytics, support, monitoring and future AI operations",Missing,No meaningful implementation found.,52af829ae8934a6607c32e1372c55d9f846d2d1b; domain routes; audit/event migrations; clean DB feature checks,domain routes; audit/event migrations,many APIs,multiple audit/event tables,Direct inserts/RPCs,no canonical dispatcher,clean DB feature checks,Versioned event/outbox/correlation,Data integrity,Data/Analytics,None,Design event foundation,Phase A,High,Repo-wide searches
WS07-021,Workstream 7 — Domain-event and audit foundation,Document the event dictionary.,"All business domains, analytics, support, monitoring and future AI operations",Missing,No meaningful implementation found.,52af829ae8934a6607c32e1372c55d9f846d2d1b; domain routes; audit/event migrations; clean DB feature checks,domain routes; audit/event migrations,many APIs,multiple audit/event tables,Direct inserts/RPCs,no canonical dispatcher,clean DB feature checks,Versioned event/outbox/correlation,Data integrity,Data/Analytics,None,Design event foundation,Phase A,High,Repo-wide searches
WS08-001,"Workstream 8 — Customer Protection Policy, Partner Standards, disputes, and enforcement",Booking confirmation.,"Customers, salons, support, disputes, refunds and enforcement",Partially implemented,Some layers exist; workflow not end-to-end.,52af829ae8934a6607c32e1372c55d9f846d2d1b; complaints/support routes; legal content; support DB checks,complaints/support routes; legal content,/complaint; /help; /api/support*,complaints_log; support_tickets; outbox,Support RPCs; Resend,outbox claims,support DB checks,Policy versions; evidence; appeal/strikes,Legal/trust,Legal/Founder/Support,Legal + providers,Approve/build case system,Phase B,High,Routes/schema/search
WS08-002,"Workstream 8 — Customer Protection Policy, Partner Standards, disputes, and enforcement",Deposit authorization.,"Customers, salons, support, disputes, refunds and enforcement",Partially implemented,Some layers exist; workflow not end-to-end.,52af829ae8934a6607c32e1372c55d9f846d2d1b; complaints/support routes; legal content; support DB checks,complaints/support routes; legal content,/complaint; /help; /api/support*,complaints_log; support_tickets; outbox,Support RPCs; Resend,outbox claims,support DB checks,Policy versions; evidence; appeal/strikes,Legal/trust,Legal/Founder/Support,Legal + providers,Approve/build case system,Phase B,High,Routes/schema/search
WS08-003,"Workstream 8 — Customer Protection Policy, Partner Standards, disputes, and enforcement",Thirty-minute grace period.,"Customers, salons, support, disputes, refunds and enforcement",Partially implemented,Some layers exist; workflow not end-to-end.,52af829ae8934a6607c32e1372c55d9f846d2d1b; complaints/support routes; legal content; support DB checks,complaints/support routes; legal content,/complaint; /help; /api/support*,complaints_log; support_tickets; outbox,Support RPCs; Resend,outbox claims,support DB checks,Policy versions; evidence; appeal/strikes,Legal/trust,Legal/Founder/Support,Legal + providers,Approve/build case system,Phase B,High,Routes/schema/search
WS08-004,"Workstream 8 — Customer Protection Policy, Partner Standards, disputes, and enforcement",Deposit capture.,"Customers, salons, support, disputes, refunds and enforcement",Partially implemented,Some layers exist; workflow not end-to-end.,52af829ae8934a6607c32e1372c55d9f846d2d1b; complaints/support routes; legal content; support DB checks,complaints/support routes; legal content,/complaint; /help; /api/support*,complaints_log; support_tickets; outbox,Support RPCs; Resend,outbox claims,support DB checks,Policy versions; evidence; appeal/strikes,Legal/trust,Legal/Founder/Support,Legal + providers,Approve/build case system,Phase B,High,Routes/schema/search
WS08-005,"Workstream 8 — Customer Protection Policy, Partner Standards, disputes, and enforcement",Customer cancellation.,"Customers, salons, support, disputes, refunds and enforcement",Partially implemented,Some layers exist; workflow not end-to-end.,52af829ae8934a6607c32e1372c55d9f846d2d1b; complaints/support routes; legal content; support DB checks,complaints/support routes; legal content,/complaint; /help; /api/support*,complaints_log; support_tickets; outbox,Support RPCs; Resend,outbox claims,support DB checks,Policy versions; evidence; appeal/strikes,Legal/trust,Legal/Founder/Support,Legal + providers,Approve/build case system,Phase B,High,Routes/schema/search
WS08-006,"Workstream 8 — Customer Protection Policy, Partner Standards, disputes, and enforcement",Rescheduling.,"Customers, salons, support, disputes, refunds and enforcement",Partially implemented,Some layers exist; workflow not end-to-end.,52af829ae8934a6607c32e1372c55d9f846d2d1b; complaints/support routes; legal content; support DB checks,complaints/support routes; legal content,/complaint; /help; /api/support*,complaints_log; support_tickets; outbox,Support RPCs; Resend,outbox claims,support DB checks,Policy versions; evidence; appeal/strikes,Legal/trust,Legal/Founder/Support,Legal + providers,Approve/build case system,Phase B,High,Routes/schema/search
WS08-007,"Workstream 8 — Customer Protection Policy, Partner Standards, disputes, and enforcement",Customer lateness.,"Customers, salons, support, disputes, refunds and enforcement",Partially implemented,Some layers exist; workflow not end-to-end.,52af829ae8934a6607c32e1372c55d9f846d2d1b; complaints/support routes; legal content; support DB checks,complaints/support routes; legal content,/complaint; /help; /api/support*,complaints_log; support_tickets; outbox,Support RPCs; Resend,outbox claims,support DB checks,Policy versions; evidence; appeal/strikes,Legal/trust,Legal/Founder/Support,Legal + providers,Approve/build case system,Phase B,High,Routes/schema/search
WS08-008,"Workstream 8 — Customer Protection Policy, Partner Standards, disputes, and enforcement",Customer no-show.,"Customers, salons, support, disputes, refunds and enforcement",Partially implemented,Some layers exist; workflow not end-to-end.,52af829ae8934a6607c32e1372c55d9f846d2d1b; complaints/support routes; legal content; support DB checks,complaints/support routes; legal content,/complaint; /help; /api/support*,complaints_log; support_tickets; outbox,Support RPCs; Resend,outbox claims,support DB checks,Policy versions; evidence; appeal/strikes,Legal/trust,Legal/Founder/Support,Legal + providers,Approve/build case system,Phase B,High,Routes/schema/search
WS08-009,"Workstream 8 — Customer Protection Policy, Partner Standards, disputes, and enforcement",Salon lateness.,"Customers, salons, support, disputes, refunds and enforcement",Partially implemented,Some layers exist; workflow not end-to-end.,52af829ae8934a6607c32e1372c55d9f846d2d1b; complaints/support routes; legal content; support DB checks,complaints/support routes; legal content,/complaint; /help; /api/support*,complaints_log; support_tickets; outbox,Support RPCs; Resend,outbox claims,support DB checks,Policy versions; evidence; appeal/strikes,Legal/trust,Legal/Founder/Support,Legal + providers,Approve/build case system,Phase B,High,Routes/schema/search
WS08-010,"Workstream 8 — Customer Protection Policy, Partner Standards, disputes, and enforcement",Salon cancellation.,"Customers, salons, support, disputes, refunds and enforcement",Partially implemented,Some layers exist; workflow not end-to-end.,52af829ae8934a6607c32e1372c55d9f846d2d1b; complaints/support routes; legal content; support DB checks,complaints/support routes; legal content,/complaint; /help; /api/support*,complaints_log; support_tickets; outbox,Support RPCs; Resend,outbox claims,support DB checks,Policy versions; evidence; appeal/strikes,Legal/trust,Legal/Founder/Support,Legal + providers,Approve/build case system,Phase B,High,Routes/schema/search
WS08-011,"Workstream 8 — Customer Protection Policy, Partner Standards, disputes, and enforcement",Salon no-show.,"Customers, salons, support, disputes, refunds and enforcement",Partially implemented,Some layers exist; workflow not end-to-end.,52af829ae8934a6607c32e1372c55d9f846d2d1b; complaints/support routes; legal content; support DB checks,complaints/support routes; legal content,/complaint; /help; /api/support*,complaints_log; support_tickets; outbox,Support RPCs; Resend,outbox claims,support DB checks,Policy versions; evidence; appeal/strikes,Legal/trust,Legal/Founder/Support,Legal + providers,Approve/build case system,Phase B,High,Routes/schema/search
WS08-012,"Workstream 8 — Customer Protection Policy, Partner Standards, disputes, and enforcement",Materially inaccurate listings.,"Customers, salons, support, disputes, refunds and enforcement",Partially implemented,Some layers exist; workflow not end-to-end.,52af829ae8934a6607c32e1372c55d9f846d2d1b; complaints/support routes; legal content; support DB checks,complaints/support routes; legal content,/complaint; /help; /api/support*,complaints_log; support_tickets; outbox,Support RPCs; Resend,outbox claims,support DB checks,Policy versions; evidence; appeal/strikes,Legal/trust,Legal/Founder/Support,Legal + providers,Approve/build case system,Phase B,High,Routes/schema/search
WS08-013,"Workstream 8 — Customer Protection Policy, Partner Standards, disputes, and enforcement",Unexpected price changes.,"Customers, salons, support, disputes, refunds and enforcement",Partially implemented,Some layers exist; workflow not end-to-end.,52af829ae8934a6607c32e1372c55d9f846d2d1b; complaints/support routes; legal content; support DB checks,complaints/support routes; legal content,/complaint; /help; /api/support*,complaints_log; support_tickets; outbox,Support RPCs; Resend,outbox claims,support DB checks,Policy versions; evidence; appeal/strikes,Legal/trust,Legal/Founder/Support,Legal + providers,Approve/build case system,Phase B,High,Routes/schema/search
WS08-014,"Workstream 8 — Customer Protection Policy, Partner Standards, disputes, and enforcement",Refund timing.,"Customers, salons, support, disputes, refunds and enforcement",Partially implemented,Some layers exist; workflow not end-to-end.,52af829ae8934a6607c32e1372c55d9f846d2d1b; complaints/support routes; legal content; support DB checks,complaints/support routes; legal content,/complaint; /help; /api/support*,complaints_log; support_tickets; outbox,Support RPCs; Resend,outbox claims,support DB checks,Policy versions; evidence; appeal/strikes,Legal/trust,Legal/Founder/Support,Legal + providers,Approve/build case system,Phase B,High,Routes/schema/search
WS08-015,"Workstream 8 — Customer Protection Policy, Partner Standards, disputes, and enforcement",Girlz Culture credits.,"Customers, salons, support, disputes, refunds and enforcement",Partially implemented,Some layers exist; workflow not end-to-end.,52af829ae8934a6607c32e1372c55d9f846d2d1b; complaints/support routes; legal content; support DB checks,complaints/support routes; legal content,/complaint; /help; /api/support*,complaints_log; support_tickets; outbox,Support RPCs; Resend,outbox claims,support DB checks,Policy versions; evidence; appeal/strikes,Legal/trust,Legal/Founder/Support,Legal + providers,Approve/build case system,Phase B,High,Routes/schema/search
WS08-016,"Workstream 8 — Customer Protection Policy, Partner Standards, disputes, and enforcement",Payments completed outside Girlz Culture.,"Customers, salons, support, disputes, refunds and enforcement",Partially implemented,Some layers exist; workflow not end-to-end.,52af829ae8934a6607c32e1372c55d9f846d2d1b; complaints/support routes; legal content; support DB checks,complaints/support routes; legal content,/complaint; /help; /api/support*,complaints_log; support_tickets; outbox,Support RPCs; Resend,outbox claims,support DB checks,Policy versions; evidence; appeal/strikes,Legal/trust,Legal/Founder/Support,Legal + providers,Approve/build case system,Phase B,High,Routes/schema/search
WS08-017,"Workstream 8 — Customer Protection Policy, Partner Standards, disputes, and enforcement",Reporting problems.,"Customers, salons, support, disputes, refunds and enforcement",Partially implemented,Some layers exist; workflow not end-to-end.,52af829ae8934a6607c32e1372c55d9f846d2d1b; complaints/support routes; legal content; support DB checks,complaints/support routes; legal content,/complaint; /help; /api/support*,complaints_log; support_tickets; outbox,Support RPCs; Resend,outbox claims,support DB checks,Policy versions; evidence; appeal/strikes,Legal/trust,Legal/Founder/Support,Legal + providers,Approve/build case system,Phase B,High,Routes/schema/search
WS08-018,"Workstream 8 — Customer Protection Policy, Partner Standards, disputes, and enforcement",Evidence and chat records.,"Customers, salons, support, disputes, refunds and enforcement",Partially implemented,Some layers exist; workflow not end-to-end.,52af829ae8934a6607c32e1372c55d9f846d2d1b; complaints/support routes; legal content; support DB checks,complaints/support routes; legal content,/complaint; /help; /api/support*,complaints_log; support_tickets; outbox,Support RPCs; Resend,outbox claims,support DB checks,Policy versions; evidence; appeal/strikes,Legal/trust,Legal/Founder/Support,Legal + providers,Approve/build case system,Phase B,High,Routes/schema/search
WS08-019,"Workstream 8 — Customer Protection Policy, Partner Standards, disputes, and enforcement",Case decisions.,"Customers, salons, support, disputes, refunds and enforcement",Partially implemented,Some layers exist; workflow not end-to-end.,52af829ae8934a6607c32e1372c55d9f846d2d1b; complaints/support routes; legal content; support DB checks,complaints/support routes; legal content,/complaint; /help; /api/support*,complaints_log; support_tickets; outbox,Support RPCs; Resend,outbox claims,support DB checks,Policy versions; evidence; appeal/strikes,Legal/trust,Legal/Founder/Support,Legal + providers,Approve/build case system,Phase B,High,Routes/schema/search
WS08-020,"Workstream 8 — Customer Protection Policy, Partner Standards, disputes, and enforcement",Appeals.,"Customers, salons, support, disputes, refunds and enforcement",Missing,No meaningful implementation found.,52af829ae8934a6607c32e1372c55d9f846d2d1b; complaints/support routes; legal content; support DB checks,complaints/support routes; legal content,/complaint; /help; /api/support*,complaints_log; support_tickets; outbox,Support RPCs; Resend,outbox claims,support DB checks,Policy versions; evidence; appeal/strikes,Legal/trust,Legal/Founder/Support,Legal + providers,Approve/build case system,Phase B,High,Routes/schema/search
WS08-021,"Workstream 8 — Customer Protection Policy, Partner Standards, disputes, and enforcement",Salon identity.,"Customers, salons, support, disputes, refunds and enforcement",Partially implemented,Some layers exist; workflow not end-to-end.,52af829ae8934a6607c32e1372c55d9f846d2d1b; complaints/support routes; legal content; support DB checks,complaints/support routes; legal content,/complaint; /help; /api/support*,complaints_log; support_tickets; outbox,Support RPCs; Resend,outbox claims,support DB checks,Policy versions; evidence; appeal/strikes,Legal/trust,Legal/Founder/Support,Legal + providers,Approve/build case system,Phase B,High,Routes/schema/search
WS08-022,"Workstream 8 — Customer Protection Policy, Partner Standards, disputes, and enforcement",Location accuracy.,"Customers, salons, support, disputes, refunds and enforcement",Partially implemented,Some layers exist; workflow not end-to-end.,52af829ae8934a6607c32e1372c55d9f846d2d1b; complaints/support routes; legal content; support DB checks,complaints/support routes; legal content,/complaint; /help; /api/support*,complaints_log; support_tickets; outbox,Support RPCs; Resend,outbox claims,support DB checks,Policy versions; evidence; appeal/strikes,Legal/trust,Legal/Founder/Support,Legal + providers,Approve/build case system,Phase B,High,Routes/schema/search
WS08-023,"Workstream 8 — Customer Protection Policy, Partner Standards, disputes, and enforcement",Hours.,"Customers, salons, support, disputes, refunds and enforcement",Partially implemented,Some layers exist; workflow not end-to-end.,52af829ae8934a6607c32e1372c55d9f846d2d1b; complaints/support routes; legal content; support DB checks,complaints/support routes; legal content,/complaint; /help; /api/support*,complaints_log; support_tickets; outbox,Support RPCs; Resend,outbox claims,support DB checks,Policy versions; evidence; appeal/strikes,Legal/trust,Legal/Founder/Support,Legal + providers,Approve/build case system,Phase B,High,Routes/schema/search
WS08-024,"Workstream 8 — Customer Protection Policy, Partner Standards, disputes, and enforcement",Price accuracy.,"Customers, salons, support, disputes, refunds and enforcement",Partially implemented,Some layers exist; workflow not end-to-end.,52af829ae8934a6607c32e1372c55d9f846d2d1b; complaints/support routes; legal content; support DB checks,complaints/support routes; legal content,/complaint; /help; /api/support*,complaints_log; support_tickets; outbox,Support RPCs; Resend,outbox claims,support DB checks,Policy versions; evidence; appeal/strikes,Legal/trust,Legal/Founder/Support,Legal + providers,Approve/build case system,Phase B,High,Routes/schema/search
WS08-025,"Workstream 8 — Customer Protection Policy, Partner Standards, disputes, and enforcement",Service accuracy.,"Customers, salons, support, disputes, refunds and enforcement",Partially implemented,Some layers exist; workflow not end-to-end.,52af829ae8934a6607c32e1372c55d9f846d2d1b; complaints/support routes; legal content; support DB checks,complaints/support routes; legal content,/complaint; /help; /api/support*,complaints_log; support_tickets; outbox,Support RPCs; Resend,outbox claims,support DB checks,Policy versions; evidence; appeal/strikes,Legal/trust,Legal/Founder/Support,Legal + providers,Approve/build case system,Phase B,High,Routes/schema/search
WS08-026,"Workstream 8 — Customer Protection Policy, Partner Standards, disputes, and enforcement",Portfolio authenticity.,"Customers, salons, support, disputes, refunds and enforcement",Partially implemented,Some layers exist; workflow not end-to-end.,52af829ae8934a6607c32e1372c55d9f846d2d1b; complaints/support routes; legal content; support DB checks,complaints/support routes; legal content,/complaint; /help; /api/support*,complaints_log; support_tickets; outbox,Support RPCs; Resend,outbox claims,support DB checks,Policy versions; evidence; appeal/strikes,Legal/trust,Legal/Founder/Support,Legal + providers,Approve/build case system,Phase B,High,Routes/schema/search
WS08-027,"Workstream 8 — Customer Protection Policy, Partner Standards, disputes, and enforcement",Availability maintenance.,"Customers, salons, support, disputes, refunds and enforcement",Partially implemented,Some layers exist; workflow not end-to-end.,52af829ae8934a6607c32e1372c55d9f846d2d1b; complaints/support routes; legal content; support DB checks,complaints/support routes; legal content,/complaint; /help; /api/support*,complaints_log; support_tickets; outbox,Support RPCs; Resend,outbox claims,support DB checks,Policy versions; evidence; appeal/strikes,Legal/trust,Legal/Founder/Support,Legal + providers,Approve/build case system,Phase B,High,Routes/schema/search
WS08-028,"Workstream 8 — Customer Protection Policy, Partner Standards, disputes, and enforcement",Deposit configuration.,"Customers, salons, support, disputes, refunds and enforcement",Partially implemented,Some layers exist; workflow not end-to-end.,52af829ae8934a6607c32e1372c55d9f846d2d1b; complaints/support routes; legal content; support DB checks,complaints/support routes; legal content,/complaint; /help; /api/support*,complaints_log; support_tickets; outbox,Support RPCs; Resend,outbox claims,support DB checks,Policy versions; evidence; appeal/strikes,Legal/trust,Legal/Founder/Support,Legal + providers,Approve/build case system,Phase B,High,Routes/schema/search
WS08-029,"Workstream 8 — Customer Protection Policy, Partner Standards, disputes, and enforcement",Cancellation obligations.,"Customers, salons, support, disputes, refunds and enforcement",Partially implemented,Some layers exist; workflow not end-to-end.,52af829ae8934a6607c32e1372c55d9f846d2d1b; complaints/support routes; legal content; support DB checks,complaints/support routes; legal content,/complaint; /help; /api/support*,complaints_log; support_tickets; outbox,Support RPCs; Resend,outbox claims,support DB checks,Policy versions; evidence; appeal/strikes,Legal/trust,Legal/Founder/Support,Legal + providers,Approve/build case system,Phase B,High,Routes/schema/search
WS08-030,"Workstream 8 — Customer Protection Policy, Partner Standards, disputes, and enforcement",Refund authorization.,"Customers, salons, support, disputes, refunds and enforcement",Partially implemented,Some layers exist; workflow not end-to-end.,52af829ae8934a6607c32e1372c55d9f846d2d1b; complaints/support routes; legal content; support DB checks,complaints/support routes; legal content,/complaint; /help; /api/support*,complaints_log; support_tickets; outbox,Support RPCs; Resend,outbox claims,support DB checks,Policy versions; evidence; appeal/strikes,Legal/trust,Legal/Founder/Support,Legal + providers,Approve/build case system,Phase B,High,Routes/schema/search
WS08-031,"Workstream 8 — Customer Protection Policy, Partner Standards, disputes, and enforcement",Customer-treatment standards.,"Customers, salons, support, disputes, refunds and enforcement",Partially implemented,Some layers exist; workflow not end-to-end.,52af829ae8934a6607c32e1372c55d9f846d2d1b; complaints/support routes; legal content; support DB checks,complaints/support routes; legal content,/complaint; /help; /api/support*,complaints_log; support_tickets; outbox,Support RPCs; Resend,outbox claims,support DB checks,Policy versions; evidence; appeal/strikes,Legal/trust,Legal/Founder/Support,Legal + providers,Approve/build case system,Phase B,High,Routes/schema/search
WS08-032,"Workstream 8 — Customer Protection Policy, Partner Standards, disputes, and enforcement",Communication standards.,"Customers, salons, support, disputes, refunds and enforcement",Partially implemented,Some layers exist; workflow not end-to-end.,52af829ae8934a6607c32e1372c55d9f846d2d1b; complaints/support routes; legal content; support DB checks,complaints/support routes; legal content,/complaint; /help; /api/support*,complaints_log; support_tickets; outbox,Support RPCs; Resend,outbox claims,support DB checks,Policy versions; evidence; appeal/strikes,Legal/trust,Legal/Founder/Support,Legal + providers,Approve/build case system,Phase B,High,Routes/schema/search
WS08-033,"Workstream 8 — Customer Protection Policy, Partner Standards, disputes, and enforcement",Lateness and no-shows.,"Customers, salons, support, disputes, refunds and enforcement",Partially implemented,Some layers exist; workflow not end-to-end.,52af829ae8934a6607c32e1372c55d9f846d2d1b; complaints/support routes; legal content; support DB checks,complaints/support routes; legal content,/complaint; /help; /api/support*,complaints_log; support_tickets; outbox,Support RPCs; Resend,outbox claims,support DB checks,Policy versions; evidence; appeal/strikes,Legal/trust,Legal/Founder/Support,Legal + providers,Approve/build case system,Phase B,High,Routes/schema/search
WS08-034,"Workstream 8 — Customer Protection Policy, Partner Standards, disputes, and enforcement",Review manipulation.,"Customers, salons, support, disputes, refunds and enforcement",Partially implemented,Some layers exist; workflow not end-to-end.,52af829ae8934a6607c32e1372c55d9f846d2d1b; complaints/support routes; legal content; support DB checks,complaints/support routes; legal content,/complaint; /help; /api/support*,complaints_log; support_tickets; outbox,Support RPCs; Resend,outbox claims,support DB checks,Policy versions; evidence; appeal/strikes,Legal/trust,Legal/Founder/Support,Legal + providers,Approve/build case system,Phase B,High,Routes/schema/search
WS08-035,"Workstream 8 — Customer Protection Policy, Partner Standards, disputes, and enforcement",Customer-data use.,"Customers, salons, support, disputes, refunds and enforcement",Partially implemented,Some layers exist; workflow not end-to-end.,52af829ae8934a6607c32e1372c55d9f846d2d1b; complaints/support routes; legal content; support DB checks,complaints/support routes; legal content,/complaint; /help; /api/support*,complaints_log; support_tickets; outbox,Support RPCs; Resend,outbox claims,support DB checks,Policy versions; evidence; appeal/strikes,Legal/trust,Legal/Founder/Support,Legal + providers,Approve/build case system,Phase B,High,Routes/schema/search
WS08-036,"Workstream 8 — Customer Protection Policy, Partner Standards, disputes, and enforcement",Advertising claims.,"Customers, salons, support, disputes, refunds and enforcement",Partially implemented,Some layers exist; workflow not end-to-end.,52af829ae8934a6607c32e1372c55d9f846d2d1b; complaints/support routes; legal content; support DB checks,complaints/support routes; legal content,/complaint; /help; /api/support*,complaints_log; support_tickets; outbox,Support RPCs; Resend,outbox claims,support DB checks,Policy versions; evidence; appeal/strikes,Legal/trust,Legal/Founder/Support,Legal + providers,Approve/build case system,Phase B,High,Routes/schema/search
WS08-037,"Workstream 8 — Customer Protection Policy, Partner Standards, disputes, and enforcement",Product responsibilities.,"Customers, salons, support, disputes, refunds and enforcement",Partially implemented,Some layers exist; workflow not end-to-end.,52af829ae8934a6607c32e1372c55d9f846d2d1b; complaints/support routes; legal content; support DB checks,complaints/support routes; legal content,/complaint; /help; /api/support*,complaints_log; support_tickets; outbox,Support RPCs; Resend,outbox claims,support DB checks,Policy versions; evidence; appeal/strikes,Legal/trust,Legal/Founder/Support,Legal + providers,Approve/build case system,Phase B,High,Routes/schema/search
WS08-038,"Workstream 8 — Customer Protection Policy, Partner Standards, disputes, and enforcement",Response deadlines.,"Customers, salons, support, disputes, refunds and enforcement",Missing,No meaningful implementation found.,52af829ae8934a6607c32e1372c55d9f846d2d1b; complaints/support routes; legal content; support DB checks,complaints/support routes; legal content,/complaint; /help; /api/support*,complaints_log; support_tickets; outbox,Support RPCs; Resend,outbox claims,support DB checks,Policy versions; evidence; appeal/strikes,Legal/trust,Legal/Founder/Support,Legal + providers,Approve/build case system,Phase B,High,Routes/schema/search
WS08-039,"Workstream 8 — Customer Protection Policy, Partner Standards, disputes, and enforcement",Warnings.,"Customers, salons, support, disputes, refunds and enforcement",Partially implemented,Some layers exist; workflow not end-to-end.,52af829ae8934a6607c32e1372c55d9f846d2d1b; complaints/support routes; legal content; support DB checks,complaints/support routes; legal content,/complaint; /help; /api/support*,complaints_log; support_tickets; outbox,Support RPCs; Resend,outbox claims,support DB checks,Policy versions; evidence; appeal/strikes,Legal/trust,Legal/Founder/Support,Legal + providers,Approve/build case system,Phase B,High,Routes/schema/search
WS08-040,"Workstream 8 — Customer Protection Policy, Partner Standards, disputes, and enforcement",Strikes.,"Customers, salons, support, disputes, refunds and enforcement",Missing,No meaningful implementation found.,52af829ae8934a6607c32e1372c55d9f846d2d1b; complaints/support routes; legal content; support DB checks,complaints/support routes; legal content,/complaint; /help; /api/support*,complaints_log; support_tickets; outbox,Support RPCs; Resend,outbox claims,support DB checks,Policy versions; evidence; appeal/strikes,Legal/trust,Legal/Founder/Support,Legal + providers,Approve/build case system,Phase B,High,Routes/schema/search
WS08-041,"Workstream 8 — Customer Protection Policy, Partner Standards, disputes, and enforcement",Search restrictions.,"Customers, salons, support, disputes, refunds and enforcement",Partially implemented,Some layers exist; workflow not end-to-end.,52af829ae8934a6607c32e1372c55d9f846d2d1b; complaints/support routes; legal content; support DB checks,complaints/support routes; legal content,/complaint; /help; /api/support*,complaints_log; support_tickets; outbox,Support RPCs; Resend,outbox claims,support DB checks,Policy versions; evidence; appeal/strikes,Legal/trust,Legal/Founder/Support,Legal + providers,Approve/build case system,Phase B,High,Routes/schema/search
WS08-042,"Workstream 8 — Customer Protection Policy, Partner Standards, disputes, and enforcement",Advertising restrictions.,"Customers, salons, support, disputes, refunds and enforcement",Partially implemented,Some layers exist; workflow not end-to-end.,52af829ae8934a6607c32e1372c55d9f846d2d1b; complaints/support routes; legal content; support DB checks,complaints/support routes; legal content,/complaint; /help; /api/support*,complaints_log; support_tickets; outbox,Support RPCs; Resend,outbox claims,support DB checks,Policy versions; evidence; appeal/strikes,Legal/trust,Legal/Founder/Support,Legal + providers,Approve/build case system,Phase B,High,Routes/schema/search
WS08-043,"Workstream 8 — Customer Protection Policy, Partner Standards, disputes, and enforcement",Suspension.,"Customers, salons, support, disputes, refunds and enforcement",Partially implemented,Some layers exist; workflow not end-to-end.,52af829ae8934a6607c32e1372c55d9f846d2d1b; complaints/support routes; legal content; support DB checks,complaints/support routes; legal content,/complaint; /help; /api/support*,complaints_log; support_tickets; outbox,Support RPCs; Resend,outbox claims,support DB checks,Policy versions; evidence; appeal/strikes,Legal/trust,Legal/Founder/Support,Legal + providers,Approve/build case system,Phase B,High,Routes/schema/search
WS08-044,"Workstream 8 — Customer Protection Policy, Partner Standards, disputes, and enforcement",Removal.,"Customers, salons, support, disputes, refunds and enforcement",Partially implemented,Some layers exist; workflow not end-to-end.,52af829ae8934a6607c32e1372c55d9f846d2d1b; complaints/support routes; legal content; support DB checks,complaints/support routes; legal content,/complaint; /help; /api/support*,complaints_log; support_tickets; outbox,Support RPCs; Resend,outbox claims,support DB checks,Policy versions; evidence; appeal/strikes,Legal/trust,Legal/Founder/Support,Legal + providers,Approve/build case system,Phase B,High,Routes/schema/search
WS08-045,"Workstream 8 — Customer Protection Policy, Partner Standards, disputes, and enforcement",Policy-version management.,"Customers, salons, support, disputes, refunds and enforcement",Missing,No meaningful implementation found.,52af829ae8934a6607c32e1372c55d9f846d2d1b; complaints/support routes; legal content; support DB checks,complaints/support routes; legal content,/complaint; /help; /api/support*,complaints_log; support_tickets; outbox,Support RPCs; Resend,outbox claims,support DB checks,Policy versions; evidence; appeal/strikes,Legal/trust,Legal/Founder/Support,Legal + providers,Approve/build case system,Phase B,High,Routes/schema/search
WS08-046,"Workstream 8 — Customer Protection Policy, Partner Standards, disputes, and enforcement",Plain-language policy summaries.,"Customers, salons, support, disputes, refunds and enforcement",Partially implemented,Some layers exist; workflow not end-to-end.,52af829ae8934a6607c32e1372c55d9f846d2d1b; complaints/support routes; legal content; support DB checks,complaints/support routes; legal content,/complaint; /help; /api/support*,complaints_log; support_tickets; outbox,Support RPCs; Resend,outbox claims,support DB checks,Policy versions; evidence; appeal/strikes,Legal/trust,Legal/Founder/Support,Legal + providers,Approve/build case system,Phase B,High,Routes/schema/search
WS08-047,"Workstream 8 — Customer Protection Policy, Partner Standards, disputes, and enforcement",Required checkout acknowledgement.,"Customers, salons, support, disputes, refunds and enforcement",Missing,No meaningful implementation found.,52af829ae8934a6607c32e1372c55d9f846d2d1b; complaints/support routes; legal content; support DB checks,complaints/support routes; legal content,/complaint; /help; /api/support*,complaints_log; support_tickets; outbox,Support RPCs; Resend,outbox claims,support DB checks,Policy versions; evidence; appeal/strikes,Legal/trust,Legal/Founder/Support,Legal + providers,Approve/build case system,Phase B,High,Routes/schema/search
WS08-048,"Workstream 8 — Customer Protection Policy, Partner Standards, disputes, and enforcement",Partner-onboarding acknowledgement.,"Customers, salons, support, disputes, refunds and enforcement",Missing,No meaningful implementation found.,52af829ae8934a6607c32e1372c55d9f846d2d1b; complaints/support routes; legal content; support DB checks,complaints/support routes; legal content,/complaint; /help; /api/support*,complaints_log; support_tickets; outbox,Support RPCs; Resend,outbox claims,support DB checks,Policy versions; evidence; appeal/strikes,Legal/trust,Legal/Founder/Support,Legal + providers,Approve/build case system,Phase B,High,Routes/schema/search
WS08-049,"Workstream 8 — Customer Protection Policy, Partner Standards, disputes, and enforcement",Storage of: Policy version.; User.; Timestamp.; Booking.; IP or session information where appropriate.,"Customers, salons, support, disputes, refunds and enforcement",Missing,No meaningful implementation found.,52af829ae8934a6607c32e1372c55d9f846d2d1b; complaints/support routes; legal content; support DB checks,complaints/support routes; legal content,/complaint; /help; /api/support*,complaints_log; support_tickets; outbox,Support RPCs; Resend,outbox claims,support DB checks,Policy versions; evidence; appeal/strikes,Legal/trust,Legal/Founder/Support,Legal + providers,Approve/build case system,Phase B,High,Routes/schema/search
WS08-050,"Workstream 8 — Customer Protection Policy, Partner Standards, disputes, and enforcement",Report-a-problem flow.,"Customers, salons, support, disputes, refunds and enforcement",Complete but weak,Real implementation; handoff quality/provider gaps remain.,52af829ae8934a6607c32e1372c55d9f846d2d1b; complaints/support routes; legal content; support DB checks,complaints/support routes; legal content,/complaint; /help; /api/support*,complaints_log; support_tickets; outbox,Support RPCs; Resend,outbox claims,support DB checks,Policy versions; evidence; appeal/strikes,Legal/trust,Legal/Founder/Support,Legal + providers,Approve/build case system,Phase B,High,Routes/schema/search
WS08-051,"Workstream 8 — Customer Protection Policy, Partner Standards, disputes, and enforcement",Case categories.,"Customers, salons, support, disputes, refunds and enforcement",Partially implemented,Some layers exist; workflow not end-to-end.,52af829ae8934a6607c32e1372c55d9f846d2d1b; complaints/support routes; legal content; support DB checks,complaints/support routes; legal content,/complaint; /help; /api/support*,complaints_log; support_tickets; outbox,Support RPCs; Resend,outbox claims,support DB checks,Policy versions; evidence; appeal/strikes,Legal/trust,Legal/Founder/Support,Legal + providers,Approve/build case system,Phase B,High,Routes/schema/search
WS08-052,"Workstream 8 — Customer Protection Policy, Partner Standards, disputes, and enforcement",Evidence upload.,"Customers, salons, support, disputes, refunds and enforcement",Missing,No meaningful implementation found.,52af829ae8934a6607c32e1372c55d9f846d2d1b; complaints/support routes; legal content; support DB checks,complaints/support routes; legal content,/complaint; /help; /api/support*,complaints_log; support_tickets; outbox,Support RPCs; Resend,outbox claims,support DB checks,Policy versions; evidence; appeal/strikes,Legal/trust,Legal/Founder/Support,Legal + providers,Approve/build case system,Phase B,High,Routes/schema/search
WS08-053,"Workstream 8 — Customer Protection Policy, Partner Standards, disputes, and enforcement",Automatic import of: Booking.; Payment.; Chat.; System events.; Policy version.; Cancellation timing.,"Customers, salons, support, disputes, refunds and enforcement",Missing,No meaningful implementation found.,52af829ae8934a6607c32e1372c55d9f846d2d1b; complaints/support routes; legal content; support DB checks,complaints/support routes; legal content,/complaint; /help; /api/support*,complaints_log; support_tickets; outbox,Support RPCs; Resend,outbox claims,support DB checks,Policy versions; evidence; appeal/strikes,Legal/trust,Legal/Founder/Support,Legal + providers,Approve/build case system,Phase B,High,Routes/schema/search
WS08-054,"Workstream 8 — Customer Protection Policy, Partner Standards, disputes, and enforcement",Support queue.,"Customers, salons, support, disputes, refunds and enforcement",Complete but weak,Real implementation; handoff quality/provider gaps remain.,52af829ae8934a6607c32e1372c55d9f846d2d1b; complaints/support routes; legal content; support DB checks,complaints/support routes; legal content,/complaint; /help; /api/support*,complaints_log; support_tickets; outbox,Support RPCs; Resend,outbox claims,support DB checks,Policy versions; evidence; appeal/strikes,Legal/trust,Legal/Founder/Support,Legal + providers,Approve/build case system,Phase B,High,Routes/schema/search
WS08-055,"Workstream 8 — Customer Protection Policy, Partner Standards, disputes, and enforcement",Case assignment.,"Customers, salons, support, disputes, refunds and enforcement",Complete but weak,Real implementation; handoff quality/provider gaps remain.,52af829ae8934a6607c32e1372c55d9f846d2d1b; complaints/support routes; legal content; support DB checks,complaints/support routes; legal content,/complaint; /help; /api/support*,complaints_log; support_tickets; outbox,Support RPCs; Resend,outbox claims,support DB checks,Policy versions; evidence; appeal/strikes,Legal/trust,Legal/Founder/Support,Legal + providers,Approve/build case system,Phase B,High,Routes/schema/search
WS08-056,"Workstream 8 — Customer Protection Policy, Partner Standards, disputes, and enforcement",Internal notes.,"Customers, salons, support, disputes, refunds and enforcement",Complete but weak,Real implementation; handoff quality/provider gaps remain.,52af829ae8934a6607c32e1372c55d9f846d2d1b; complaints/support routes; legal content; support DB checks,complaints/support routes; legal content,/complaint; /help; /api/support*,complaints_log; support_tickets; outbox,Support RPCs; Resend,outbox claims,support DB checks,Policy versions; evidence; appeal/strikes,Legal/trust,Legal/Founder/Support,Legal + providers,Approve/build case system,Phase B,High,Routes/schema/search
WS08-057,"Workstream 8 — Customer Protection Policy, Partner Standards, disputes, and enforcement",Decision templates.,"Customers, salons, support, disputes, refunds and enforcement",Missing,No meaningful implementation found.,52af829ae8934a6607c32e1372c55d9f846d2d1b; complaints/support routes; legal content; support DB checks,complaints/support routes; legal content,/complaint; /help; /api/support*,complaints_log; support_tickets; outbox,Support RPCs; Resend,outbox claims,support DB checks,Policy versions; evidence; appeal/strikes,Legal/trust,Legal/Founder/Support,Legal + providers,Approve/build case system,Phase B,High,Routes/schema/search
WS08-058,"Workstream 8 — Customer Protection Policy, Partner Standards, disputes, and enforcement",Refund or credit action.,"Customers, salons, support, disputes, refunds and enforcement",Missing,No meaningful implementation found.,52af829ae8934a6607c32e1372c55d9f846d2d1b; complaints/support routes; legal content; support DB checks,complaints/support routes; legal content,/complaint; /help; /api/support*,complaints_log; support_tickets; outbox,Support RPCs; Resend,outbox claims,support DB checks,Policy versions; evidence; appeal/strikes,Legal/trust,Legal/Founder/Support,Legal + providers,Approve/build case system,Phase B,High,Routes/schema/search
WS08-059,"Workstream 8 — Customer Protection Policy, Partner Standards, disputes, and enforcement",One-stage appeal with new evidence.,"Customers, salons, support, disputes, refunds and enforcement",Missing,No meaningful implementation found.,52af829ae8934a6607c32e1372c55d9f846d2d1b; complaints/support routes; legal content; support DB checks,complaints/support routes; legal content,/complaint; /help; /api/support*,complaints_log; support_tickets; outbox,Support RPCs; Resend,outbox claims,support DB checks,Policy versions; evidence; appeal/strikes,Legal/trust,Legal/Founder/Support,Legal + providers,Approve/build case system,Phase B,High,Routes/schema/search
WS08-060,"Workstream 8 — Customer Protection Policy, Partner Standards, disputes, and enforcement",Salon strike and enforcement system.,"Customers, salons, support, disputes, refunds and enforcement",Missing,No meaningful implementation found.,52af829ae8934a6607c32e1372c55d9f846d2d1b; complaints/support routes; legal content; support DB checks,complaints/support routes; legal content,/complaint; /help; /api/support*,complaints_log; support_tickets; outbox,Support RPCs; Resend,outbox claims,support DB checks,Policy versions; evidence; appeal/strikes,Legal/trust,Legal/Founder/Support,Legal + providers,Approve/build case system,Phase B,High,Routes/schema/search
WS08-061,"Workstream 8 — Customer Protection Policy, Partner Standards, disputes, and enforcement",Case and evidence export.,"Customers, salons, support, disputes, refunds and enforcement",Missing,No meaningful implementation found.,52af829ae8934a6607c32e1372c55d9f846d2d1b; complaints/support routes; legal content; support DB checks,complaints/support routes; legal content,/complaint; /help; /api/support*,complaints_log; support_tickets; outbox,Support RPCs; Resend,outbox claims,support DB checks,Policy versions; evidence; appeal/strikes,Legal/trust,Legal/Founder/Support,Legal + providers,Approve/build case system,Phase B,High,Routes/schema/search
WS08-062,"Workstream 8 — Customer Protection Policy, Partner Standards, disputes, and enforcement",Audit log.,"Customers, salons, support, disputes, refunds and enforcement",Partially implemented,Some layers exist; workflow not end-to-end.,52af829ae8934a6607c32e1372c55d9f846d2d1b; complaints/support routes; legal content; support DB checks,complaints/support routes; legal content,/complaint; /help; /api/support*,complaints_log; support_tickets; outbox,Support RPCs; Resend,outbox claims,support DB checks,Policy versions; evidence; appeal/strikes,Legal/trust,Legal/Founder/Support,Legal + providers,Approve/build case system,Phase B,High,Routes/schema/search
WS09-001,Workstream 9 — Full multilingual architecture,English.,"Website, dashboards, notifications, chat, policies and downloads",Complete but weak,Real implementation; handoff quality/provider gaps remain.,52af829ae8934a6607c32e1372c55d9f846d2d1b; src/i18n/*; localization migrations; i18n verifiers,src/i18n/*; localization migrations,/api/i18n/*; all UI,supported_locales; translations,Catalog/review services,coverage checks,i18n verifiers,Full journey/language review,Localization/legal,Native reviewers,Translation provider,Finish French,Phase A/C,High,Catalog/schema/tests
WS09-002,Workstream 9 — Full multilingual architecture,French.,"Website, dashboards, notifications, chat, policies and downloads",Complete but weak,Real implementation; handoff quality/provider gaps remain.,52af829ae8934a6607c32e1372c55d9f846d2d1b; src/i18n/*; localization migrations; i18n verifiers,src/i18n/*; localization migrations,/api/i18n/*; all UI,supported_locales; translations,Catalog/review services,coverage checks,i18n verifiers,Full journey/language review,Localization/legal,Native reviewers,Translation provider,Finish French,Phase A/C,High,Catalog/schema/tests
WS09-003,Workstream 9 — Full multilingual architecture,Wolof.,"Website, dashboards, notifications, chat, policies and downloads",Complete but weak,Real implementation; handoff quality/provider gaps remain.,52af829ae8934a6607c32e1372c55d9f846d2d1b; src/i18n/*; localization migrations; i18n verifiers,src/i18n/*; localization migrations,/api/i18n/*; all UI,supported_locales; translations,Catalog/review services,coverage checks,i18n verifiers,Full journey/language review,Localization/legal,Native reviewers,Translation provider,Finish French,Phase A/C,High,Catalog/schema/tests
WS09-004,Workstream 9 — Full multilingual architecture,Fulfulde/Fulani.,"Website, dashboards, notifications, chat, policies and downloads",Missing,No meaningful implementation found.,52af829ae8934a6607c32e1372c55d9f846d2d1b; src/i18n/*; localization migrations; i18n verifiers,src/i18n/*; localization migrations,/api/i18n/*; all UI,supported_locales; translations,Catalog/review services,coverage checks,i18n verifiers,Full journey/language review,Localization/legal,Native reviewers,Translation provider,Finish French,Phase A/C,High,Catalog/schema/tests
WS09-005,Workstream 9 — Full multilingual architecture,Additional languages based on verified customer and salon demand.,"Website, dashboards, notifications, chat, policies and downloads",Missing,No meaningful implementation found.,52af829ae8934a6607c32e1372c55d9f846d2d1b; src/i18n/*; localization migrations; i18n verifiers,src/i18n/*; localization migrations,/api/i18n/*; all UI,supported_locales; translations,Catalog/review services,coverage checks,i18n verifiers,Full journey/language review,Localization/legal,Native reviewers,Translation provider,Finish French,Phase A/C,High,Catalog/schema/tests
WS09-006,Workstream 9 — Full multilingual architecture,Audit every hardcoded user-facing string.,"Website, dashboards, notifications, chat, policies and downloads",Partially implemented,Some layers exist; workflow not end-to-end.,52af829ae8934a6607c32e1372c55d9f846d2d1b; src/i18n/*; localization migrations; i18n verifiers,src/i18n/*; localization migrations,/api/i18n/*; all UI,supported_locales; translations,Catalog/review services,coverage checks,i18n verifiers,Full journey/language review,Localization/legal,Native reviewers,Translation provider,Finish French,Phase A/C,High,Catalog/schema/tests
WS09-007,Workstream 9 — Full multilingual architecture,Move strings into translation resources.,"Website, dashboards, notifications, chat, policies and downloads",Partially implemented,Some layers exist; workflow not end-to-end.,52af829ae8934a6607c32e1372c55d9f846d2d1b; src/i18n/*; localization migrations; i18n verifiers,src/i18n/*; localization migrations,/api/i18n/*; all UI,supported_locales; translations,Catalog/review services,coverage checks,i18n verifiers,Full journey/language review,Localization/legal,Native reviewers,Translation provider,Finish French,Phase A/C,High,Catalog/schema/tests
WS09-008,Workstream 9 — Full multilingual architecture,Create stable translation keys.,"Website, dashboards, notifications, chat, policies and downloads",Partially implemented,Some layers exist; workflow not end-to-end.,52af829ae8934a6607c32e1372c55d9f846d2d1b; src/i18n/*; localization migrations; i18n verifiers,src/i18n/*; localization migrations,/api/i18n/*; all UI,supported_locales; translations,Catalog/review services,coverage checks,i18n verifiers,Full journey/language review,Localization/legal,Native reviewers,Translation provider,Finish French,Phase A/C,High,Catalog/schema/tests
WS09-009,Workstream 9 — Full multilingual architecture,Organize translation namespaces: Common.; Authentication.; Onboarding.; Salon profile.; Services.; Stylists.; Bookings.; Payments.; Products.; Advertising.; Analytics.; Policies.; Support.; Notifications.; Errors.,"Website, dashboards, notifications, chat, policies and downloads",Partially implemented,Some layers exist; workflow not end-to-end.,52af829ae8934a6607c32e1372c55d9f846d2d1b; src/i18n/*; localization migrations; i18n verifiers,src/i18n/*; localization migrations,/api/i18n/*; all UI,supported_locales; translations,Catalog/review services,coverage checks,i18n verifiers,Full journey/language review,Localization/legal,Native reviewers,Translation provider,Finish French,Phase A/C,High,Catalog/schema/tests
WS09-010,Workstream 9 — Full multilingual architecture,Store preferred language for: Customer.; Salon owner.; Salon employee.; Admin user.,"Website, dashboards, notifications, chat, policies and downloads",Partially implemented,Some layers exist; workflow not end-to-end.,52af829ae8934a6607c32e1372c55d9f846d2d1b; src/i18n/*; localization migrations; i18n verifiers,src/i18n/*; localization migrations,/api/i18n/*; all UI,supported_locales; translations,Catalog/review services,coverage checks,i18n verifiers,Full journey/language review,Localization/legal,Native reviewers,Translation provider,Finish French,Phase A/C,High,Catalog/schema/tests
WS09-011,Workstream 9 — Full multilingual architecture,Apply language preference to: Website.; Dashboard.; Emails.; SMS.; In-app notifications.; Chat system messages.; Policy summaries.; Downloadable documents.,"Website, dashboards, notifications, chat, policies and downloads",Partially implemented,Some layers exist; workflow not end-to-end.,52af829ae8934a6607c32e1372c55d9f846d2d1b; src/i18n/*; localization migrations; i18n verifiers,src/i18n/*; localization migrations,/api/i18n/*; all UI,supported_locales; translations,Catalog/review services,coverage checks,i18n verifiers,Full journey/language review,Localization/legal,Native reviewers,Translation provider,Finish French,Phase A/C,High,Catalog/schema/tests
WS09-012,Workstream 9 — Full multilingual architecture,"Add: Missing-key detection.; Fallback language.; Translation coverage reports.; Import and export of locale files.; Translation versioning.; Review status.; Locale-aware date, time, currency, and number formatting.","Website, dashboards, notifications, chat, policies and downloads",Partially implemented,Some layers exist; workflow not end-to-end.,52af829ae8934a6607c32e1372c55d9f846d2d1b; src/i18n/*; localization migrations; i18n verifiers,src/i18n/*; localization migrations,/api/i18n/*; all UI,supported_locales; translations,Catalog/review services,coverage checks,i18n verifiers,Full journey/language review,Localization/legal,Native reviewers,Translation provider,Finish French,Phase A/C,High,Catalog/schema/tests
WS09-013,Workstream 9 — Full multilingual architecture,Support user-generated translation: Original remains visible.; User presses Translate.; Translation is labeled.; Original/translated toggle.; No silent replacement.,"Website, dashboards, notifications, chat, policies and downloads",Partially implemented,Some layers exist; workflow not end-to-end.,52af829ae8934a6607c32e1372c55d9f846d2d1b; src/i18n/*; localization migrations; i18n verifiers,src/i18n/*; localization migrations,/api/i18n/*; all UI,supported_locales; translations,Catalog/review services,coverage checks,i18n verifiers,Full journey/language review,Localization/legal,Native reviewers,Translation provider,Finish French,Phase A/C,High,Catalog/schema/tests
WS09-014,Workstream 9 — Full multilingual architecture,Use plain English as the source language.,"Website, dashboards, notifications, chat, policies and downloads",Partially implemented,Some layers exist; workflow not end-to-end.,52af829ae8934a6607c32e1372c55d9f846d2d1b; src/i18n/*; localization migrations; i18n verifiers,src/i18n/*; localization migrations,/api/i18n/*; all UI,supported_locales; translations,Catalog/review services,coverage checks,i18n verifiers,Full journey/language review,Localization/legal,Native reviewers,Translation provider,Finish French,Phase A/C,High,Catalog/schema/tests
WS09-015,Workstream 9 — Full multilingual architecture,Add developer checks preventing new hardcoded interface text.,"Website, dashboards, notifications, chat, policies and downloads",Partially implemented,Some layers exist; workflow not end-to-end.,52af829ae8934a6607c32e1372c55d9f846d2d1b; src/i18n/*; localization migrations; i18n verifiers,src/i18n/*; localization migrations,/api/i18n/*; all UI,supported_locales; translations,Catalog/review services,coverage checks,i18n verifiers,Full journey/language review,Localization/legal,Native reviewers,Translation provider,Finish French,Phase A/C,High,Catalog/schema/tests
WS10-001,Workstream 10 — Salon onboarding and digital-presence setup,Application.,"Salon applicant, owner, operations and public activation",Complete but weak,Real implementation; handoff quality/provider gaps remain.,52af829ae8934a6607c32e1372c55d9f846d2d1b; onboarding route; owner components; SalonVanityManager; onboarding/profile tests,onboarding route; owner components; SalonVanityManager,/partner; /salon/onboarding; /dashboard,applications; salons; docs; readiness,publication RPC; media; QR,reminders partial,onboarding/profile tests,GBP workflow; tasks; real test booking,Operational,Salon Ops/Founder,Google/Stripe,Extend readiness checklist,Phase C,High,API/UI/schema
WS10-002,Workstream 10 — Salon onboarding and digital-presence setup,Business identity.,"Salon applicant, owner, operations and public activation",Complete but weak,Real implementation; handoff quality/provider gaps remain.,52af829ae8934a6607c32e1372c55d9f846d2d1b; onboarding route; owner components; SalonVanityManager; onboarding/profile tests,onboarding route; owner components; SalonVanityManager,/partner; /salon/onboarding; /dashboard,applications; salons; docs; readiness,publication RPC; media; QR,reminders partial,onboarding/profile tests,GBP workflow; tasks; real test booking,Operational,Salon Ops/Founder,Google/Stripe,Extend readiness checklist,Phase C,High,API/UI/schema
WS10-003,Workstream 10 — Salon onboarding and digital-presence setup,Owner identity.,"Salon applicant, owner, operations and public activation",Complete but weak,Real implementation; handoff quality/provider gaps remain.,52af829ae8934a6607c32e1372c55d9f846d2d1b; onboarding route; owner components; SalonVanityManager; onboarding/profile tests,onboarding route; owner components; SalonVanityManager,/partner; /salon/onboarding; /dashboard,applications; salons; docs; readiness,publication RPC; media; QR,reminders partial,onboarding/profile tests,GBP workflow; tasks; real test booking,Operational,Salon Ops/Founder,Google/Stripe,Extend readiness checklist,Phase C,High,API/UI/schema
WS10-004,Workstream 10 — Salon onboarding and digital-presence setup,Contact details.,"Salon applicant, owner, operations and public activation",Complete but weak,Real implementation; handoff quality/provider gaps remain.,52af829ae8934a6607c32e1372c55d9f846d2d1b; onboarding route; owner components; SalonVanityManager; onboarding/profile tests,onboarding route; owner components; SalonVanityManager,/partner; /salon/onboarding; /dashboard,applications; salons; docs; readiness,publication RPC; media; QR,reminders partial,onboarding/profile tests,GBP workflow; tasks; real test booking,Operational,Salon Ops/Founder,Google/Stripe,Extend readiness checklist,Phase C,High,API/UI/schema
WS10-005,Workstream 10 — Salon onboarding and digital-presence setup,Location.,"Salon applicant, owner, operations and public activation",Complete but weak,Real implementation; handoff quality/provider gaps remain.,52af829ae8934a6607c32e1372c55d9f846d2d1b; onboarding route; owner components; SalonVanityManager; onboarding/profile tests,onboarding route; owner components; SalonVanityManager,/partner; /salon/onboarding; /dashboard,applications; salons; docs; readiness,publication RPC; media; QR,reminders partial,onboarding/profile tests,GBP workflow; tasks; real test booking,Operational,Salon Ops/Founder,Google/Stripe,Extend readiness checklist,Phase C,High,API/UI/schema
WS10-006,Workstream 10 — Salon onboarding and digital-presence setup,Services.,"Salon applicant, owner, operations and public activation",Complete but weak,Real implementation; handoff quality/provider gaps remain.,52af829ae8934a6607c32e1372c55d9f846d2d1b; onboarding route; owner components; SalonVanityManager; onboarding/profile tests,onboarding route; owner components; SalonVanityManager,/partner; /salon/onboarding; /dashboard,applications; salons; docs; readiness,publication RPC; media; QR,reminders partial,onboarding/profile tests,GBP workflow; tasks; real test booking,Operational,Salon Ops/Founder,Google/Stripe,Extend readiness checklist,Phase C,High,API/UI/schema
WS10-007,Workstream 10 — Salon onboarding and digital-presence setup,Stylists.,"Salon applicant, owner, operations and public activation",Complete but weak,Real implementation; handoff quality/provider gaps remain.,52af829ae8934a6607c32e1372c55d9f846d2d1b; onboarding route; owner components; SalonVanityManager; onboarding/profile tests,onboarding route; owner components; SalonVanityManager,/partner; /salon/onboarding; /dashboard,applications; salons; docs; readiness,publication RPC; media; QR,reminders partial,onboarding/profile tests,GBP workflow; tasks; real test booking,Operational,Salon Ops/Founder,Google/Stripe,Extend readiness checklist,Phase C,High,API/UI/schema
WS10-008,Workstream 10 — Salon onboarding and digital-presence setup,Portfolio.,"Salon applicant, owner, operations and public activation",Complete but weak,Real implementation; handoff quality/provider gaps remain.,52af829ae8934a6607c32e1372c55d9f846d2d1b; onboarding route; owner components; SalonVanityManager; onboarding/profile tests,onboarding route; owner components; SalonVanityManager,/partner; /salon/onboarding; /dashboard,applications; salons; docs; readiness,publication RPC; media; QR,reminders partial,onboarding/profile tests,GBP workflow; tasks; real test booking,Operational,Salon Ops/Founder,Google/Stripe,Extend readiness checklist,Phase C,High,API/UI/schema
WS10-009,Workstream 10 — Salon onboarding and digital-presence setup,Hours and availability.,"Salon applicant, owner, operations and public activation",Complete but weak,Real implementation; handoff quality/provider gaps remain.,52af829ae8934a6607c32e1372c55d9f846d2d1b; onboarding route; owner components; SalonVanityManager; onboarding/profile tests,onboarding route; owner components; SalonVanityManager,/partner; /salon/onboarding; /dashboard,applications; salons; docs; readiness,publication RPC; media; QR,reminders partial,onboarding/profile tests,GBP workflow; tasks; real test booking,Operational,Salon Ops/Founder,Google/Stripe,Extend readiness checklist,Phase C,High,API/UI/schema
WS10-010,Workstream 10 — Salon onboarding and digital-presence setup,Deposit settings.,"Salon applicant, owner, operations and public activation",Partially implemented,Some layers exist; workflow not end-to-end.,52af829ae8934a6607c32e1372c55d9f846d2d1b; onboarding route; owner components; SalonVanityManager; onboarding/profile tests,onboarding route; owner components; SalonVanityManager,/partner; /salon/onboarding; /dashboard,applications; salons; docs; readiness,publication RPC; media; QR,reminders partial,onboarding/profile tests,GBP workflow; tasks; real test booking,Operational,Salon Ops/Founder,Google/Stripe,Extend readiness checklist,Phase C,High,API/UI/schema
WS10-011,Workstream 10 — Salon onboarding and digital-presence setup,Cancellation policy.,"Salon applicant, owner, operations and public activation",Partially implemented,Some layers exist; workflow not end-to-end.,52af829ae8934a6607c32e1372c55d9f846d2d1b; onboarding route; owner components; SalonVanityManager; onboarding/profile tests,onboarding route; owner components; SalonVanityManager,/partner; /salon/onboarding; /dashboard,applications; salons; docs; readiness,publication RPC; media; QR,reminders partial,onboarding/profile tests,GBP workflow; tasks; real test booking,Operational,Salon Ops/Founder,Google/Stripe,Extend readiness checklist,Phase C,High,API/UI/schema
WS10-012,Workstream 10 — Salon onboarding and digital-presence setup,Connected payment account.,"Salon applicant, owner, operations and public activation",Partially implemented,Some layers exist; workflow not end-to-end.,52af829ae8934a6607c32e1372c55d9f846d2d1b; onboarding route; owner components; SalonVanityManager; onboarding/profile tests,onboarding route; owner components; SalonVanityManager,/partner; /salon/onboarding; /dashboard,applications; salons; docs; readiness,publication RPC; media; QR,reminders partial,onboarding/profile tests,GBP workflow; tasks; real test booking,Operational,Salon Ops/Founder,Google/Stripe,Extend readiness checklist,Phase C,High,API/UI/schema
WS10-013,Workstream 10 — Salon onboarding and digital-presence setup,"Product setup, when applicable.","Salon applicant, owner, operations and public activation",Partially implemented,Some layers exist; workflow not end-to-end.,52af829ae8934a6607c32e1372c55d9f846d2d1b; onboarding route; owner components; SalonVanityManager; onboarding/profile tests,onboarding route; owner components; SalonVanityManager,/partner; /salon/onboarding; /dashboard,applications; salons; docs; readiness,publication RPC; media; QR,reminders partial,onboarding/profile tests,GBP workflow; tasks; real test booking,Operational,Salon Ops/Founder,Google/Stripe,Extend readiness checklist,Phase C,High,API/UI/schema
WS10-014,Workstream 10 — Salon onboarding and digital-presence setup,Google Business Profile.,"Salon applicant, owner, operations and public activation",Partially implemented,Some layers exist; workflow not end-to-end.,52af829ae8934a6607c32e1372c55d9f846d2d1b; onboarding route; owner components; SalonVanityManager; onboarding/profile tests,onboarding route; owner components; SalonVanityManager,/partner; /salon/onboarding; /dashboard,applications; salons; docs; readiness,publication RPC; media; QR,reminders partial,onboarding/profile tests,GBP workflow; tasks; real test booking,Operational,Salon Ops/Founder,Google/Stripe,Extend readiness checklist,Phase C,Medium,API/UI/schema
WS10-015,Workstream 10 — Salon onboarding and digital-presence setup,Instagram link.,"Salon applicant, owner, operations and public activation",Partially implemented,Some layers exist; workflow not end-to-end.,52af829ae8934a6607c32e1372c55d9f846d2d1b; onboarding route; owner components; SalonVanityManager; onboarding/profile tests,onboarding route; owner components; SalonVanityManager,/partner; /salon/onboarding; /dashboard,applications; salons; docs; readiness,publication RPC; media; QR,reminders partial,onboarding/profile tests,GBP workflow; tasks; real test booking,Operational,Salon Ops/Founder,Google/Stripe,Extend readiness checklist,Phase C,High,API/UI/schema
WS10-016,Workstream 10 — Salon onboarding and digital-presence setup,WhatsApp link.,"Salon applicant, owner, operations and public activation",Partially implemented,Some layers exist; workflow not end-to-end.,52af829ae8934a6607c32e1372c55d9f846d2d1b; onboarding route; owner components; SalonVanityManager; onboarding/profile tests,onboarding route; owner components; SalonVanityManager,/partner; /salon/onboarding; /dashboard,applications; salons; docs; readiness,publication RPC; media; QR,reminders partial,onboarding/profile tests,GBP workflow; tasks; real test booking,Operational,Salon Ops/Founder,Google/Stripe,Extend readiness checklist,Phase C,High,API/UI/schema
WS10-017,Workstream 10 — Salon onboarding and digital-presence setup,Test booking.,"Salon applicant, owner, operations and public activation",Partially implemented,Some layers exist; workflow not end-to-end.,52af829ae8934a6607c32e1372c55d9f846d2d1b; onboarding route; owner components; SalonVanityManager; onboarding/profile tests,onboarding route; owner components; SalonVanityManager,/partner; /salon/onboarding; /dashboard,applications; salons; docs; readiness,publication RPC; media; QR,reminders partial,onboarding/profile tests,GBP workflow; tasks; real test booking,Operational,Salon Ops/Founder,Google/Stripe,Extend readiness checklist,Phase C,High,API/UI/schema
WS10-018,Workstream 10 — Salon onboarding and digital-presence setup,Final quality review.,"Salon applicant, owner, operations and public activation",Partially implemented,Some layers exist; workflow not end-to-end.,52af829ae8934a6607c32e1372c55d9f846d2d1b; onboarding route; owner components; SalonVanityManager; onboarding/profile tests,onboarding route; owner components; SalonVanityManager,/partner; /salon/onboarding; /dashboard,applications; salons; docs; readiness,publication RPC; media; QR,reminders partial,onboarding/profile tests,GBP workflow; tasks; real test booking,Operational,Salon Ops/Founder,Google/Stripe,Extend readiness checklist,Phase C,High,API/UI/schema
WS10-019,Workstream 10 — Salon onboarding and digital-presence setup,Public activation.,"Salon applicant, owner, operations and public activation",Complete but weak,Real implementation; handoff quality/provider gaps remain.,52af829ae8934a6607c32e1372c55d9f846d2d1b; onboarding route; owner components; SalonVanityManager; onboarding/profile tests,onboarding route; owner components; SalonVanityManager,/partner; /salon/onboarding; /dashboard,applications; salons; docs; readiness,publication RPC; media; QR,reminders partial,onboarding/profile tests,GBP workflow; tasks; real test booking,Operational,Salon Ops/Founder,Google/Stripe,Extend readiness checklist,Phase C,High,API/UI/schema
WS10-020,Workstream 10 — Salon onboarding and digital-presence setup,Guided onboarding.,"Salon applicant, owner, operations and public activation",Partially implemented,Some layers exist; workflow not end-to-end.,52af829ae8934a6607c32e1372c55d9f846d2d1b; onboarding route; owner components; SalonVanityManager; onboarding/profile tests,onboarding route; owner components; SalonVanityManager,/partner; /salon/onboarding; /dashboard,applications; salons; docs; readiness,publication RPC; media; QR,reminders partial,onboarding/profile tests,GBP workflow; tasks; real test booking,Operational,Salon Ops/Founder,Google/Stripe,Extend readiness checklist,Phase C,High,API/UI/schema
WS10-021,Workstream 10 — Salon onboarding and digital-presence setup,Progress tracker.,"Salon applicant, owner, operations and public activation",Complete but weak,Real implementation; handoff quality/provider gaps remain.,52af829ae8934a6607c32e1372c55d9f846d2d1b; onboarding route; owner components; SalonVanityManager; onboarding/profile tests,onboarding route; owner components; SalonVanityManager,/partner; /salon/onboarding; /dashboard,applications; salons; docs; readiness,publication RPC; media; QR,reminders partial,onboarding/profile tests,GBP workflow; tasks; real test booking,Operational,Salon Ops/Founder,Google/Stripe,Extend readiness checklist,Phase C,High,API/UI/schema
WS10-022,Workstream 10 — Salon onboarding and digital-presence setup,Save and resume.,"Salon applicant, owner, operations and public activation",Complete but weak,Real implementation; handoff quality/provider gaps remain.,52af829ae8934a6607c32e1372c55d9f846d2d1b; onboarding route; owner components; SalonVanityManager; onboarding/profile tests,onboarding route; owner components; SalonVanityManager,/partner; /salon/onboarding; /dashboard,applications; salons; docs; readiness,publication RPC; media; QR,reminders partial,onboarding/profile tests,GBP workflow; tasks; real test booking,Operational,Salon Ops/Founder,Google/Stripe,Extend readiness checklist,Phase C,High,API/UI/schema
WS10-023,Workstream 10 — Salon onboarding and digital-presence setup,Required-document upload.,"Salon applicant, owner, operations and public activation",Complete but weak,Real implementation; handoff quality/provider gaps remain.,52af829ae8934a6607c32e1372c55d9f846d2d1b; onboarding route; owner components; SalonVanityManager; onboarding/profile tests,onboarding route; owner components; SalonVanityManager,/partner; /salon/onboarding; /dashboard,applications; salons; docs; readiness,publication RPC; media; QR,reminders partial,onboarding/profile tests,GBP workflow; tasks; real test booking,Operational,Salon Ops/Founder,Google/Stripe,Extend readiness checklist,Phase C,High,API/UI/schema
WS10-024,Workstream 10 — Salon onboarding and digital-presence setup,Multilingual guidance.,"Salon applicant, owner, operations and public activation",Partially implemented,Some layers exist; workflow not end-to-end.,52af829ae8934a6607c32e1372c55d9f846d2d1b; onboarding route; owner components; SalonVanityManager; onboarding/profile tests,onboarding route; owner components; SalonVanityManager,/partner; /salon/onboarding; /dashboard,applications; salons; docs; readiness,publication RPC; media; QR,reminders partial,onboarding/profile tests,GBP workflow; tasks; real test booking,Operational,Salon Ops/Founder,Google/Stripe,Extend readiness checklist,Phase C,High,API/UI/schema
WS10-025,Workstream 10 — Salon onboarding and digital-presence setup,Plain-English explanations.,"Salon applicant, owner, operations and public activation",Partially implemented,Some layers exist; workflow not end-to-end.,52af829ae8934a6607c32e1372c55d9f846d2d1b; onboarding route; owner components; SalonVanityManager; onboarding/profile tests,onboarding route; owner components; SalonVanityManager,/partner; /salon/onboarding; /dashboard,applications; salons; docs; readiness,publication RPC; media; QR,reminders partial,onboarding/profile tests,GBP workflow; tasks; real test booking,Operational,Salon Ops/Founder,Google/Stripe,Extend readiness checklist,Phase C,High,API/UI/schema
WS10-026,Workstream 10 — Salon onboarding and digital-presence setup,Image-dimension help.,"Salon applicant, owner, operations and public activation",Partially implemented,Some layers exist; workflow not end-to-end.,52af829ae8934a6607c32e1372c55d9f846d2d1b; onboarding route; owner components; SalonVanityManager; onboarding/profile tests,onboarding route; owner components; SalonVanityManager,/partner; /salon/onboarding; /dashboard,applications; salons; docs; readiness,publication RPC; media; QR,reminders partial,onboarding/profile tests,GBP workflow; tasks; real test booking,Operational,Salon Ops/Founder,Google/Stripe,Extend readiness checklist,Phase C,High,API/UI/schema
WS10-027,Workstream 10 — Salon onboarding and digital-presence setup,Profile completeness score.,"Salon applicant, owner, operations and public activation",Complete but weak,Real implementation; handoff quality/provider gaps remain.,52af829ae8934a6607c32e1372c55d9f846d2d1b; onboarding route; owner components; SalonVanityManager; onboarding/profile tests,onboarding route; owner components; SalonVanityManager,/partner; /salon/onboarding; /dashboard,applications; salons; docs; readiness,publication RPC; media; QR,reminders partial,onboarding/profile tests,GBP workflow; tasks; real test booking,Operational,Salon Ops/Founder,Google/Stripe,Extend readiness checklist,Phase C,High,API/UI/schema
WS10-028,Workstream 10 — Salon onboarding and digital-presence setup,Readiness status.,"Salon applicant, owner, operations and public activation",Complete but weak,Real implementation; handoff quality/provider gaps remain.,52af829ae8934a6607c32e1372c55d9f846d2d1b; onboarding route; owner components; SalonVanityManager; onboarding/profile tests,onboarding route; owner components; SalonVanityManager,/partner; /salon/onboarding; /dashboard,applications; salons; docs; readiness,publication RPC; media; QR,reminders partial,onboarding/profile tests,GBP workflow; tasks; real test booking,Operational,Salon Ops/Founder,Google/Stripe,Extend readiness checklist,Phase C,High,API/UI/schema
WS10-029,Workstream 10 — Salon onboarding and digital-presence setup,Onboarding-task assignment.,"Salon applicant, owner, operations and public activation",Partially implemented,Some layers exist; workflow not end-to-end.,52af829ae8934a6607c32e1372c55d9f846d2d1b; onboarding route; owner components; SalonVanityManager; onboarding/profile tests,onboarding route; owner components; SalonVanityManager,/partner; /salon/onboarding; /dashboard,applications; salons; docs; readiness,publication RPC; media; QR,reminders partial,onboarding/profile tests,GBP workflow; tasks; real test booking,Operational,Salon Ops/Founder,Google/Stripe,Extend readiness checklist,Phase C,High,API/UI/schema
WS10-030,Workstream 10 — Salon onboarding and digital-presence setup,Internal notes.,"Salon applicant, owner, operations and public activation",Partially implemented,Some layers exist; workflow not end-to-end.,52af829ae8934a6607c32e1372c55d9f846d2d1b; onboarding route; owner components; SalonVanityManager; onboarding/profile tests,onboarding route; owner components; SalonVanityManager,/partner; /salon/onboarding; /dashboard,applications; salons; docs; readiness,publication RPC; media; QR,reminders partial,onboarding/profile tests,GBP workflow; tasks; real test booking,Operational,Salon Ops/Founder,Google/Stripe,Extend readiness checklist,Phase C,High,API/UI/schema
WS10-031,Workstream 10 — Salon onboarding and digital-presence setup,Reminder system.,"Salon applicant, owner, operations and public activation",Partially implemented,Some layers exist; workflow not end-to-end.,52af829ae8934a6607c32e1372c55d9f846d2d1b; onboarding route; owner components; SalonVanityManager; onboarding/profile tests,onboarding route; owner components; SalonVanityManager,/partner; /salon/onboarding; /dashboard,applications; salons; docs; readiness,publication RPC; media; QR,reminders partial,onboarding/profile tests,GBP workflow; tasks; real test booking,Operational,Salon Ops/Founder,Google/Stripe,Extend readiness checklist,Phase C,High,API/UI/schema
WS10-032,Workstream 10 — Salon onboarding and digital-presence setup,Rejection and correction flow.,"Salon applicant, owner, operations and public activation",Partially implemented,Some layers exist; workflow not end-to-end.,52af829ae8934a6607c32e1372c55d9f846d2d1b; onboarding route; owner components; SalonVanityManager; onboarding/profile tests,onboarding route; owner components; SalonVanityManager,/partner; /salon/onboarding; /dashboard,applications; salons; docs; readiness,publication RPC; media; QR,reminders partial,onboarding/profile tests,GBP workflow; tasks; real test booking,Operational,Salon Ops/Founder,Google/Stripe,Extend readiness checklist,Phase C,High,API/UI/schema
WS10-033,Workstream 10 — Salon onboarding and digital-presence setup,Approval audit.,"Salon applicant, owner, operations and public activation",Complete but weak,Real implementation; handoff quality/provider gaps remain.,52af829ae8934a6607c32e1372c55d9f846d2d1b; onboarding route; owner components; SalonVanityManager; onboarding/profile tests,onboarding route; owner components; SalonVanityManager,/partner; /salon/onboarding; /dashboard,applications; salons; docs; readiness,publication RPC; media; QR,reminders partial,onboarding/profile tests,GBP workflow; tasks; real test booking,Operational,Salon Ops/Founder,Google/Stripe,Extend readiness checklist,Phase C,High,API/UI/schema
WS10-034,Workstream 10 — Salon onboarding and digital-presence setup,Test-booking checklist.,"Salon applicant, owner, operations and public activation",Partially implemented,Some layers exist; workflow not end-to-end.,52af829ae8934a6607c32e1372c55d9f846d2d1b; onboarding route; owner components; SalonVanityManager; onboarding/profile tests,onboarding route; owner components; SalonVanityManager,/partner; /salon/onboarding; /dashboard,applications; salons; docs; readiness,publication RPC; media; QR,reminders partial,onboarding/profile tests,GBP workflow; tasks; real test booking,Operational,Salon Ops/Founder,Google/Stripe,Extend readiness checklist,Phase C,High,API/UI/schema
WS10-035,Workstream 10 — Salon onboarding and digital-presence setup,Public activation control.,"Salon applicant, owner, operations and public activation",Complete but weak,Real implementation; handoff quality/provider gaps remain.,52af829ae8934a6607c32e1372c55d9f846d2d1b; onboarding route; owner components; SalonVanityManager; onboarding/profile tests,onboarding route; owner components; SalonVanityManager,/partner; /salon/onboarding; /dashboard,applications; salons; docs; readiness,publication RPC; media; QR,reminders partial,onboarding/profile tests,GBP workflow; tasks; real test booking,Operational,Salon Ops/Founder,Google/Stripe,Extend readiness checklist,Phase C,High,API/UI/schema
WS10-036,Workstream 10 — Salon onboarding and digital-presence setup,Existing profile found.,"Salon applicant, owner, operations and public activation",Partially implemented,Some layers exist; workflow not end-to-end.,52af829ae8934a6607c32e1372c55d9f846d2d1b; onboarding route; owner components; SalonVanityManager; onboarding/profile tests,onboarding route; owner components; SalonVanityManager,/partner; /salon/onboarding; /dashboard,applications; salons; docs; readiness,publication RPC; media; QR,reminders partial,onboarding/profile tests,GBP workflow; tasks; real test booking,Operational,Salon Ops/Founder,Google/Stripe,Extend readiness checklist,Phase C,High,API/UI/schema
WS10-037,Workstream 10 — Salon onboarding and digital-presence setup,Duplicate risk.,"Salon applicant, owner, operations and public activation",Partially implemented,Some layers exist; workflow not end-to-end.,52af829ae8934a6607c32e1372c55d9f846d2d1b; onboarding route; owner components; SalonVanityManager; onboarding/profile tests,onboarding route; owner components; SalonVanityManager,/partner; /salon/onboarding; /dashboard,applications; salons; docs; readiness,publication RPC; media; QR,reminders partial,onboarding/profile tests,GBP workflow; tasks; real test booking,Operational,Salon Ops/Founder,Google/Stripe,Extend readiness checklist,Phase C,High,API/UI/schema
WS10-038,Workstream 10 — Salon onboarding and digital-presence setup,Ownership requested.,"Salon applicant, owner, operations and public activation",Partially implemented,Some layers exist; workflow not end-to-end.,52af829ae8934a6607c32e1372c55d9f846d2d1b; onboarding route; owner components; SalonVanityManager; onboarding/profile tests,onboarding route; owner components; SalonVanityManager,/partner; /salon/onboarding; /dashboard,applications; salons; docs; readiness,publication RPC; media; QR,reminders partial,onboarding/profile tests,GBP workflow; tasks; real test booking,Operational,Salon Ops/Founder,Google/Stripe,Extend readiness checklist,Phase C,High,API/UI/schema
WS10-039,Workstream 10 — Salon onboarding and digital-presence setup,Profile claimed.,"Salon applicant, owner, operations and public activation",Partially implemented,Some layers exist; workflow not end-to-end.,52af829ae8934a6607c32e1372c55d9f846d2d1b; onboarding route; owner components; SalonVanityManager; onboarding/profile tests,onboarding route; owner components; SalonVanityManager,/partner; /salon/onboarding; /dashboard,applications; salons; docs; readiness,publication RPC; media; QR,reminders partial,onboarding/profile tests,GBP workflow; tasks; real test booking,Operational,Salon Ops/Founder,Google/Stripe,Extend readiness checklist,Phase C,High,API/UI/schema
WS10-040,Workstream 10 — Salon onboarding and digital-presence setup,Verification pending.,"Salon applicant, owner, operations and public activation",Partially implemented,Some layers exist; workflow not end-to-end.,52af829ae8934a6607c32e1372c55d9f846d2d1b; onboarding route; owner components; SalonVanityManager; onboarding/profile tests,onboarding route; owner components; SalonVanityManager,/partner; /salon/onboarding; /dashboard,applications; salons; docs; readiness,publication RPC; media; QR,reminders partial,onboarding/profile tests,GBP workflow; tasks; real test booking,Operational,Salon Ops/Founder,Google/Stripe,Extend readiness checklist,Phase C,High,API/UI/schema
WS10-041,Workstream 10 — Salon onboarding and digital-presence setup,Verification complete.,"Salon applicant, owner, operations and public activation",Partially implemented,Some layers exist; workflow not end-to-end.,52af829ae8934a6607c32e1372c55d9f846d2d1b; onboarding route; owner components; SalonVanityManager; onboarding/profile tests,onboarding route; owner components; SalonVanityManager,/partner; /salon/onboarding; /dashboard,applications; salons; docs; readiness,publication RPC; media; QR,reminders partial,onboarding/profile tests,GBP workflow; tasks; real test booking,Operational,Salon Ops/Founder,Google/Stripe,Extend readiness checklist,Phase C,High,API/UI/schema
WS10-042,Workstream 10 — Salon onboarding and digital-presence setup,Address added.,"Salon applicant, owner, operations and public activation",Partially implemented,Some layers exist; workflow not end-to-end.,52af829ae8934a6607c32e1372c55d9f846d2d1b; onboarding route; owner components; SalonVanityManager; onboarding/profile tests,onboarding route; owner components; SalonVanityManager,/partner; /salon/onboarding; /dashboard,applications; salons; docs; readiness,publication RPC; media; QR,reminders partial,onboarding/profile tests,GBP workflow; tasks; real test booking,Operational,Salon Ops/Founder,Google/Stripe,Extend readiness checklist,Phase C,High,API/UI/schema
WS10-043,Workstream 10 — Salon onboarding and digital-presence setup,Telephone added.,"Salon applicant, owner, operations and public activation",Partially implemented,Some layers exist; workflow not end-to-end.,52af829ae8934a6607c32e1372c55d9f846d2d1b; onboarding route; owner components; SalonVanityManager; onboarding/profile tests,onboarding route; owner components; SalonVanityManager,/partner; /salon/onboarding; /dashboard,applications; salons; docs; readiness,publication RPC; media; QR,reminders partial,onboarding/profile tests,GBP workflow; tasks; real test booking,Operational,Salon Ops/Founder,Google/Stripe,Extend readiness checklist,Phase C,High,API/UI/schema
WS10-044,Workstream 10 — Salon onboarding and digital-presence setup,Hours added.,"Salon applicant, owner, operations and public activation",Partially implemented,Some layers exist; workflow not end-to-end.,52af829ae8934a6607c32e1372c55d9f846d2d1b; onboarding route; owner components; SalonVanityManager; onboarding/profile tests,onboarding route; owner components; SalonVanityManager,/partner; /salon/onboarding; /dashboard,applications; salons; docs; readiness,publication RPC; media; QR,reminders partial,onboarding/profile tests,GBP workflow; tasks; real test booking,Operational,Salon Ops/Founder,Google/Stripe,Extend readiness checklist,Phase C,High,API/UI/schema
WS10-045,Workstream 10 — Salon onboarding and digital-presence setup,Services added.,"Salon applicant, owner, operations and public activation",Partially implemented,Some layers exist; workflow not end-to-end.,52af829ae8934a6607c32e1372c55d9f846d2d1b; onboarding route; owner components; SalonVanityManager; onboarding/profile tests,onboarding route; owner components; SalonVanityManager,/partner; /salon/onboarding; /dashboard,applications; salons; docs; readiness,publication RPC; media; QR,reminders partial,onboarding/profile tests,GBP workflow; tasks; real test booking,Operational,Salon Ops/Founder,Google/Stripe,Extend readiness checklist,Phase C,High,API/UI/schema
WS10-046,Workstream 10 — Salon onboarding and digital-presence setup,Photographs added.,"Salon applicant, owner, operations and public activation",Partially implemented,Some layers exist; workflow not end-to-end.,52af829ae8934a6607c32e1372c55d9f846d2d1b; onboarding route; owner components; SalonVanityManager; onboarding/profile tests,onboarding route; owner components; SalonVanityManager,/partner; /salon/onboarding; /dashboard,applications; salons; docs; readiness,publication RPC; media; QR,reminders partial,onboarding/profile tests,GBP workflow; tasks; real test booking,Operational,Salon Ops/Founder,Google/Stripe,Extend readiness checklist,Phase C,High,API/UI/schema
WS10-047,Workstream 10 — Salon onboarding and digital-presence setup,Girlz Culture booking link added.,"Salon applicant, owner, operations and public activation",Partially implemented,Some layers exist; workflow not end-to-end.,52af829ae8934a6607c32e1372c55d9f846d2d1b; onboarding route; owner components; SalonVanityManager; onboarding/profile tests,onboarding route; owner components; SalonVanityManager,/partner; /salon/onboarding; /dashboard,applications; salons; docs; readiness,publication RPC; media; QR,reminders partial,onboarding/profile tests,GBP workflow; tasks; real test booking,Operational,Salon Ops/Founder,Google/Stripe,Extend readiness checklist,Phase C,High,API/UI/schema
WS10-048,Workstream 10 — Salon onboarding and digital-presence setup,Preferred link set where supported.,"Salon applicant, owner, operations and public activation",Partially implemented,Some layers exist; workflow not end-to-end.,52af829ae8934a6607c32e1372c55d9f846d2d1b; onboarding route; owner components; SalonVanityManager; onboarding/profile tests,onboarding route; owner components; SalonVanityManager,/partner; /salon/onboarding; /dashboard,applications; salons; docs; readiness,publication RPC; media; QR,reminders partial,onboarding/profile tests,GBP workflow; tasks; real test booking,Operational,Salon Ops/Founder,Google/Stripe,Extend readiness checklist,Phase C,High,API/UI/schema
WS10-049,Workstream 10 — Salon onboarding and digital-presence setup,Final review completed.,"Salon applicant, owner, operations and public activation",Partially implemented,Some layers exist; workflow not end-to-end.,52af829ae8934a6607c32e1372c55d9f846d2d1b; onboarding route; owner components; SalonVanityManager; onboarding/profile tests,onboarding route; owner components; SalonVanityManager,/partner; /salon/onboarding; /dashboard,applications; salons; docs; readiness,publication RPC; media; QR,reminders partial,onboarding/profile tests,GBP workflow; tasks; real test booking,Operational,Salon Ops/Founder,Google/Stripe,Extend readiness checklist,Phase C,High,API/UI/schema
WS11-001,"Workstream 11 — Instagram, WhatsApp, TikTok, YouTube, and social distribution",Direct salon-profile link.,"Salon acquisition links, social distribution and notification preferences",Complete but weak,Real implementation; handoff quality/provider gaps remain.,52af829ae8934a6607c32e1372c55d9f846d2d1b; SalonVanityManager; notification code; vanity/notification tests,SalonVanityManager; notification code,/social; /api/salons/*/qr,salon social fields; notifications,QR; email/SMS/push,none social,vanity/notification tests,Consent/preferences/WhatsApp/attribution,Consent/privacy,Marketing/Legal,social accounts,Build consent foundation,Phase C/E,High,Search + code
WS11-002,"Workstream 11 — Instagram, WhatsApp, TikTok, YouTube, and social distribution",Individual service links.,"Salon acquisition links, social distribution and notification preferences",Complete but weak,Real implementation; handoff quality/provider gaps remain.,52af829ae8934a6607c32e1372c55d9f846d2d1b; SalonVanityManager; notification code; vanity/notification tests,SalonVanityManager; notification code,/social; /api/salons/*/qr,salon social fields; notifications,QR; email/SMS/push,none social,vanity/notification tests,Consent/preferences/WhatsApp/attribution,Consent/privacy,Marketing/Legal,social accounts,Build consent foundation,Phase C/E,High,Search + code
WS11-003,"Workstream 11 — Instagram, WhatsApp, TikTok, YouTube, and social distribution",Availability link.,"Salon acquisition links, social distribution and notification preferences",Complete but weak,Real implementation; handoff quality/provider gaps remain.,52af829ae8934a6607c32e1372c55d9f846d2d1b; SalonVanityManager; notification code; vanity/notification tests,SalonVanityManager; notification code,/social; /api/salons/*/qr,salon social fields; notifications,QR; email/SMS/push,none social,vanity/notification tests,Consent/preferences/WhatsApp/attribution,Consent/privacy,Marketing/Legal,social accounts,Build consent foundation,Phase C/E,High,Search + code
WS11-004,"Workstream 11 — Instagram, WhatsApp, TikTok, YouTube, and social distribution",Tracked Instagram bio link.,"Salon acquisition links, social distribution and notification preferences",Missing,No meaningful implementation found.,52af829ae8934a6607c32e1372c55d9f846d2d1b; SalonVanityManager; notification code; vanity/notification tests,SalonVanityManager; notification code,/social; /api/salons/*/qr,salon social fields; notifications,QR; email/SMS/push,none social,vanity/notification tests,Consent/preferences/WhatsApp/attribution,Consent/privacy,Marketing/Legal,social accounts,Build consent foundation,Phase C/E,High,Search + code
WS11-005,"Workstream 11 — Instagram, WhatsApp, TikTok, YouTube, and social distribution",Story-ready assets.,"Salon acquisition links, social distribution and notification preferences",Missing,No meaningful implementation found.,52af829ae8934a6607c32e1372c55d9f846d2d1b; SalonVanityManager; notification code; vanity/notification tests,SalonVanityManager; notification code,/social; /api/salons/*/qr,salon social fields; notifications,QR; email/SMS/push,none social,vanity/notification tests,Consent/preferences/WhatsApp/attribution,Consent/privacy,Marketing/Legal,social accounts,Build consent foundation,Phase C/E,High,Search + code
WS11-006,"Workstream 11 — Instagram, WhatsApp, TikTok, YouTube, and social distribution",QR code.,"Salon acquisition links, social distribution and notification preferences",Complete but weak,Real implementation; handoff quality/provider gaps remain.,52af829ae8934a6607c32e1372c55d9f846d2d1b; SalonVanityManager; notification code; vanity/notification tests,SalonVanityManager; notification code,/social; /api/salons/*/qr,salon social fields; notifications,QR; email/SMS/push,none social,vanity/notification tests,Consent/preferences/WhatsApp/attribution,Consent/privacy,Marketing/Legal,social accounts,Build consent foundation,Phase C/E,High,Search + code
WS11-007,"Workstream 11 — Instagram, WhatsApp, TikTok, YouTube, and social distribution",Prewritten DM response.,"Salon acquisition links, social distribution and notification preferences",Missing,No meaningful implementation found.,52af829ae8934a6607c32e1372c55d9f846d2d1b; SalonVanityManager; notification code; vanity/notification tests,SalonVanityManager; notification code,/social; /api/salons/*/qr,salon social fields; notifications,QR; email/SMS/push,none social,vanity/notification tests,Consent/preferences/WhatsApp/attribution,Consent/privacy,Marketing/Legal,social accounts,Build consent foundation,Phase C/E,High,Search + code
WS11-008,"Workstream 11 — Instagram, WhatsApp, TikTok, YouTube, and social distribution",Booking call-to-action.,"Salon acquisition links, social distribution and notification preferences",Partially implemented,Some layers exist; workflow not end-to-end.,52af829ae8934a6607c32e1372c55d9f846d2d1b; SalonVanityManager; notification code; vanity/notification tests,SalonVanityManager; notification code,/social; /api/salons/*/qr,salon social fields; notifications,QR; email/SMS/push,none social,vanity/notification tests,Consent/preferences/WhatsApp/attribution,Consent/privacy,Marketing/Legal,social accounts,Build consent foundation,Phase C/E,High,Search + code
WS11-009,"Workstream 11 — Instagram, WhatsApp, TikTok, YouTube, and social distribution",Campaign attribution.,"Salon acquisition links, social distribution and notification preferences",Missing,No meaningful implementation found.,52af829ae8934a6607c32e1372c55d9f846d2d1b; SalonVanityManager; notification code; vanity/notification tests,SalonVanityManager; notification code,/social; /api/salons/*/qr,salon social fields; notifications,QR; email/SMS/push,none social,vanity/notification tests,Consent/preferences/WhatsApp/attribution,Consent/privacy,Marketing/Legal,social accounts,Build consent foundation,Phase C/E,High,Search + code
WS11-010,"Workstream 11 — Instagram, WhatsApp, TikTok, YouTube, and social distribution",A broadcast/community update channel.,"Salon acquisition links, social distribution and notification preferences",Missing,No meaningful implementation found.,52af829ae8934a6607c32e1372c55d9f846d2d1b; SalonVanityManager; notification code; vanity/notification tests,SalonVanityManager; notification code,/social; /api/salons/*/qr,salon social fields; notifications,QR; email/SMS/push,none social,vanity/notification tests,Consent/preferences/WhatsApp/attribution,Consent/privacy,Marketing/Legal,social accounts,Build consent foundation,Phase C/E,High,Search + code
WS11-011,"Workstream 11 — Instagram, WhatsApp, TikTok, YouTube, and social distribution",One-to-one service and booking notifications.,"Salon acquisition links, social distribution and notification preferences",Missing,No meaningful implementation found.,52af829ae8934a6607c32e1372c55d9f846d2d1b; SalonVanityManager; notification code; vanity/notification tests,SalonVanityManager; notification code,/social; /api/salons/*/qr,salon social fields; notifications,QR; email/SMS/push,none social,vanity/notification tests,Consent/preferences/WhatsApp/attribution,Consent/privacy,Marketing/Legal,social accounts,Build consent foundation,Phase C/E,High,Search + code
WS11-012,"Workstream 11 — Instagram, WhatsApp, TikTok, YouTube, and social distribution",The authoritative in-app booking conversation.,"Salon acquisition links, social distribution and notification preferences",Missing,No meaningful implementation found.,52af829ae8934a6607c32e1372c55d9f846d2d1b; SalonVanityManager; notification code; vanity/notification tests,SalonVanityManager; notification code,/social; /api/salons/*/qr,salon social fields; notifications,QR; email/SMS/push,none social,vanity/notification tests,Consent/preferences/WhatsApp/attribution,Consent/privacy,Marketing/Legal,social accounts,Build consent foundation,Phase C/E,High,Search + code
WS11-013,"Workstream 11 — Instagram, WhatsApp, TikTok, YouTube, and social distribution",Communication preference center.,"Salon acquisition links, social distribution and notification preferences",Missing,No meaningful implementation found.,52af829ae8934a6607c32e1372c55d9f846d2d1b; SalonVanityManager; notification code; vanity/notification tests,SalonVanityManager; notification code,/social; /api/salons/*/qr,salon social fields; notifications,QR; email/SMS/push,none social,vanity/notification tests,Consent/preferences/WhatsApp/attribution,Consent/privacy,Marketing/Legal,social accounts,Build consent foundation,Phase C/E,High,Search + code
WS11-014,"Workstream 11 — Instagram, WhatsApp, TikTok, YouTube, and social distribution",Consent records.,"Salon acquisition links, social distribution and notification preferences",Missing,No meaningful implementation found.,52af829ae8934a6607c32e1372c55d9f846d2d1b; SalonVanityManager; notification code; vanity/notification tests,SalonVanityManager; notification code,/social; /api/salons/*/qr,salon social fields; notifications,QR; email/SMS/push,none social,vanity/notification tests,Consent/preferences/WhatsApp/attribution,Consent/privacy,Marketing/Legal,social accounts,Build consent foundation,Phase C/E,High,Search + code
WS11-015,"Workstream 11 — Instagram, WhatsApp, TikTok, YouTube, and social distribution",Channel-specific templates.,"Salon acquisition links, social distribution and notification preferences",Missing,No meaningful implementation found.,52af829ae8934a6607c32e1372c55d9f846d2d1b; SalonVanityManager; notification code; vanity/notification tests,SalonVanityManager; notification code,/social; /api/salons/*/qr,salon social fields; notifications,QR; email/SMS/push,none social,vanity/notification tests,Consent/preferences/WhatsApp/attribution,Consent/privacy,Marketing/Legal,social accounts,Build consent foundation,Phase C/E,High,Search + code
WS11-016,"Workstream 11 — Instagram, WhatsApp, TikTok, YouTube, and social distribution",Language-specific templates.,"Salon acquisition links, social distribution and notification preferences",Missing,No meaningful implementation found.,52af829ae8934a6607c32e1372c55d9f846d2d1b; SalonVanityManager; notification code; vanity/notification tests,SalonVanityManager; notification code,/social; /api/salons/*/qr,salon social fields; notifications,QR; email/SMS/push,none social,vanity/notification tests,Consent/preferences/WhatsApp/attribution,Consent/privacy,Marketing/Legal,social accounts,Build consent foundation,Phase C/E,High,Search + code
WS11-017,"Workstream 11 — Instagram, WhatsApp, TikTok, YouTube, and social distribution",Deep links back to bookings.,"Salon acquisition links, social distribution and notification preferences",Partially implemented,Some layers exist; workflow not end-to-end.,52af829ae8934a6607c32e1372c55d9f846d2d1b; SalonVanityManager; notification code; vanity/notification tests,SalonVanityManager; notification code,/social; /api/salons/*/qr,salon social fields; notifications,QR; email/SMS/push,none social,vanity/notification tests,Consent/preferences/WhatsApp/attribution,Consent/privacy,Marketing/Legal,social accounts,Build consent foundation,Phase C/E,High,Search + code
WS11-018,"Workstream 11 — Instagram, WhatsApp, TikTok, YouTube, and social distribution",Delivery status.,"Salon acquisition links, social distribution and notification preferences",Missing,No meaningful implementation found.,52af829ae8934a6607c32e1372c55d9f846d2d1b; SalonVanityManager; notification code; vanity/notification tests,SalonVanityManager; notification code,/social; /api/salons/*/qr,salon social fields; notifications,QR; email/SMS/push,none social,vanity/notification tests,Consent/preferences/WhatsApp/attribution,Consent/privacy,Marketing/Legal,social accounts,Build consent foundation,Phase C/E,Medium,Search + code
WS11-019,"Workstream 11 — Instagram, WhatsApp, TikTok, YouTube, and social distribution",Failure fallback.,"Salon acquisition links, social distribution and notification preferences",Missing,No meaningful implementation found.,52af829ae8934a6607c32e1372c55d9f846d2d1b; SalonVanityManager; notification code; vanity/notification tests,SalonVanityManager; notification code,/social; /api/salons/*/qr,salon social fields; notifications,QR; email/SMS/push,none social,vanity/notification tests,Consent/preferences/WhatsApp/attribution,Consent/privacy,Marketing/Legal,social accounts,Build consent foundation,Phase C/E,High,Search + code
WS11-020,"Workstream 11 — Instagram, WhatsApp, TikTok, YouTube, and social distribution",Quiet-hour and time-zone controls.,"Salon acquisition links, social distribution and notification preferences",Missing,No meaningful implementation found.,52af829ae8934a6607c32e1372c55d9f846d2d1b; SalonVanityManager; notification code; vanity/notification tests,SalonVanityManager; notification code,/social; /api/salons/*/qr,salon social fields; notifications,QR; email/SMS/push,none social,vanity/notification tests,Consent/preferences/WhatsApp/attribution,Consent/privacy,Marketing/Legal,social accounts,Build consent foundation,Phase C/E,High,Search + code
WS11-021,"Workstream 11 — Instagram, WhatsApp, TikTok, YouTube, and social distribution",Unsubscribe/opt-out handling.,"Salon acquisition links, social distribution and notification preferences",Missing,No meaningful implementation found.,52af829ae8934a6607c32e1372c55d9f846d2d1b; SalonVanityManager; notification code; vanity/notification tests,SalonVanityManager; notification code,/social; /api/salons/*/qr,salon social fields; notifications,QR; email/SMS/push,none social,vanity/notification tests,Consent/preferences/WhatsApp/attribution,Consent/privacy,Marketing/Legal,social accounts,Build consent foundation,Phase C/E,High,Search + code
WS11-022,"Workstream 11 — Instagram, WhatsApp, TikTok, YouTube, and social distribution",Campaign/source attribution.,"Salon acquisition links, social distribution and notification preferences",Partially implemented,Some layers exist; workflow not end-to-end.,52af829ae8934a6607c32e1372c55d9f846d2d1b; SalonVanityManager; notification code; vanity/notification tests,SalonVanityManager; notification code,/social; /api/salons/*/qr,salon social fields; notifications,QR; email/SMS/push,none social,vanity/notification tests,Consent/preferences/WhatsApp/attribution,Consent/privacy,Marketing/Legal,social accounts,Build consent foundation,Phase C/E,High,Search + code
WS11-023,"Workstream 11 — Instagram, WhatsApp, TikTok, YouTube, and social distribution",Admin template management.,"Salon acquisition links, social distribution and notification preferences",Missing,No meaningful implementation found.,52af829ae8934a6607c32e1372c55d9f846d2d1b; SalonVanityManager; notification code; vanity/notification tests,SalonVanityManager; notification code,/social; /api/salons/*/qr,salon social fields; notifications,QR; email/SMS/push,none social,vanity/notification tests,Consent/preferences/WhatsApp/attribution,Consent/privacy,Marketing/Legal,social accounts,Build consent foundation,Phase C/E,High,Search + code
WS11-024,"Workstream 11 — Instagram, WhatsApp, TikTok, YouTube, and social distribution",Notification export.,"Salon acquisition links, social distribution and notification preferences",Missing,No meaningful implementation found.,52af829ae8934a6607c32e1372c55d9f846d2d1b; SalonVanityManager; notification code; vanity/notification tests,SalonVanityManager; notification code,/social; /api/salons/*/qr,salon social fields; notifications,QR; email/SMS/push,none social,vanity/notification tests,Consent/preferences/WhatsApp/attribution,Consent/privacy,Marketing/Legal,social accounts,Build consent foundation,Phase C/E,High,Search + code
WS12-001,"Workstream 12 — Subscription tiers, entitlements, and billing",Starter — $59,"Salon plans, billing, entitlements and public feature behavior",Unsafe,Current behavior conflicts with unresolved high-risk rules.,52af829ae8934a6607c32e1372c55d9f846d2d1b; src/lib/plans.ts; subscription routes; .env.example; subscription checks,src/lib/plans.ts; subscription routes; .env.example,/plans; /api/stripe/subscription/*,subscriptions; billing events; changes,Stripe Billing/Portal,webhooks,subscription checks,Approved DB plans/entitlements/config,Billing/legal,Founder/Legal,Stripe prices,Freeze/reconcile plans,Phase D,High,Exact code/config
WS12-002,"Workstream 12 — Subscription tiers, entitlements, and billing",Growth — $69,"Salon plans, billing, entitlements and public feature behavior",Unsafe,Current behavior conflicts with unresolved high-risk rules.,52af829ae8934a6607c32e1372c55d9f846d2d1b; src/lib/plans.ts; subscription routes; .env.example; subscription checks,src/lib/plans.ts; subscription routes; .env.example,/plans; /api/stripe/subscription/*,subscriptions; billing events; changes,Stripe Billing/Portal,webhooks,subscription checks,Approved DB plans/entitlements/config,Billing/legal,Founder/Legal,Stripe prices,Freeze/reconcile plans,Phase D,High,Exact code/config
WS12-003,"Workstream 12 — Subscription tiers, entitlements, and billing",Premium — $89,"Salon plans, billing, entitlements and public feature behavior",Unsafe,Current behavior conflicts with unresolved high-risk rules.,52af829ae8934a6607c32e1372c55d9f846d2d1b; src/lib/plans.ts; subscription routes; .env.example; subscription checks,src/lib/plans.ts; subscription routes; .env.example,/plans; /api/stripe/subscription/*,subscriptions; billing events; changes,Stripe Billing/Portal,webhooks,subscription checks,Approved DB plans/entitlements/config,Billing/legal,Founder/Legal,Stripe prices,Freeze/reconcile plans,Phase D,High,Exact code/config
WS12-004,"Workstream 12 — Subscription tiers, entitlements, and billing",Booking.,"Salon plans, billing, entitlements and public feature behavior",Partially implemented,Some layers exist; workflow not end-to-end.,52af829ae8934a6607c32e1372c55d9f846d2d1b; src/lib/plans.ts; subscription routes; .env.example; subscription checks,src/lib/plans.ts; subscription routes; .env.example,/plans; /api/stripe/subscription/*,subscriptions; billing events; changes,Stripe Billing/Portal,webhooks,subscription checks,Approved DB plans/entitlements/config,Billing/legal,Founder/Legal,Stripe prices,Freeze/reconcile plans,Phase D,High,Exact code/config
WS12-005,"Workstream 12 — Subscription tiers, entitlements, and billing",Deposits.,"Salon plans, billing, entitlements and public feature behavior",Partially implemented,Some layers exist; workflow not end-to-end.,52af829ae8934a6607c32e1372c55d9f846d2d1b; src/lib/plans.ts; subscription routes; .env.example; subscription checks,src/lib/plans.ts; subscription routes; .env.example,/plans; /api/stripe/subscription/*,subscriptions; billing events; changes,Stripe Billing/Portal,webhooks,subscription checks,Approved DB plans/entitlements/config,Billing/legal,Founder/Legal,Stripe prices,Freeze/reconcile plans,Phase D,High,Exact code/config
WS12-006,"Workstream 12 — Subscription tiers, entitlements, and billing",Automatic salon-cancellation refunds.,"Salon plans, billing, entitlements and public feature behavior",Complete but weak,Real implementation; handoff quality/provider gaps remain.,52af829ae8934a6607c32e1372c55d9f846d2d1b; src/lib/plans.ts; subscription routes; .env.example; subscription checks,src/lib/plans.ts; subscription routes; .env.example,/plans; /api/stripe/subscription/*,subscriptions; billing events; changes,Stripe Billing/Portal,webhooks,subscription checks,Approved DB plans/entitlements/config,Billing/legal,Founder/Legal,Stripe prices,Freeze/reconcile plans,Phase D,High,Exact code/config
WS12-007,"Workstream 12 — Subscription tiers, entitlements, and billing",Customer protection.,"Salon plans, billing, entitlements and public feature behavior",Partially implemented,Some layers exist; workflow not end-to-end.,52af829ae8934a6607c32e1372c55d9f846d2d1b; src/lib/plans.ts; subscription routes; .env.example; subscription checks,src/lib/plans.ts; subscription routes; .env.example,/plans; /api/stripe/subscription/*,subscriptions; billing events; changes,Stripe Billing/Portal,webhooks,subscription checks,Approved DB plans/entitlements/config,Billing/legal,Founder/Legal,Stripe prices,Freeze/reconcile plans,Phase D,High,Exact code/config
WS12-008,"Workstream 12 — Subscription tiers, entitlements, and billing",Salon and stylist profiles.,"Salon plans, billing, entitlements and public feature behavior",Unsafe,Current behavior conflicts with unresolved high-risk rules.,52af829ae8934a6607c32e1372c55d9f846d2d1b; src/lib/plans.ts; subscription routes; .env.example; subscription checks,src/lib/plans.ts; subscription routes; .env.example,/plans; /api/stripe/subscription/*,subscriptions; billing events; changes,Stripe Billing/Portal,webhooks,subscription checks,Approved DB plans/entitlements/config,Billing/legal,Founder/Legal,Stripe prices,Freeze/reconcile plans,Phase D,High,Exact code/config
WS12-009,"Workstream 12 — Subscription tiers, entitlements, and billing",Service information.,"Salon plans, billing, entitlements and public feature behavior",Unsafe,Current behavior conflicts with unresolved high-risk rules.,52af829ae8934a6607c32e1372c55d9f846d2d1b; src/lib/plans.ts; subscription routes; .env.example; subscription checks,src/lib/plans.ts; subscription routes; .env.example,/plans; /api/stripe/subscription/*,subscriptions; billing events; changes,Stripe Billing/Portal,webhooks,subscription checks,Approved DB plans/entitlements/config,Billing/legal,Founder/Legal,Stripe prices,Freeze/reconcile plans,Phase D,High,Exact code/config
WS12-010,"Workstream 12 — Subscription tiers, entitlements, and billing",Reviews.,"Salon plans, billing, entitlements and public feature behavior",Unsafe,Current behavior conflicts with unresolved high-risk rules.,52af829ae8934a6607c32e1372c55d9f846d2d1b; src/lib/plans.ts; subscription routes; .env.example; subscription checks,src/lib/plans.ts; subscription routes; .env.example,/plans; /api/stripe/subscription/*,subscriptions; billing events; changes,Stripe Billing/Portal,webhooks,subscription checks,Approved DB plans/entitlements/config,Billing/legal,Founder/Legal,Stripe prices,Freeze/reconcile plans,Phase D,High,Exact code/config
WS12-011,"Workstream 12 — Subscription tiers, entitlements, and billing",Booking chat.,"Salon plans, billing, entitlements and public feature behavior",Partially implemented,Some layers exist; workflow not end-to-end.,52af829ae8934a6607c32e1372c55d9f846d2d1b; src/lib/plans.ts; subscription routes; .env.example; subscription checks,src/lib/plans.ts; subscription routes; .env.example,/plans; /api/stripe/subscription/*,subscriptions; billing events; changes,Stripe Billing/Portal,webhooks,subscription checks,Approved DB plans/entitlements/config,Billing/legal,Founder/Legal,Stripe prices,Freeze/reconcile plans,Phase D,High,Exact code/config
WS12-012,"Workstream 12 — Subscription tiers, entitlements, and billing",Standard reminders.,"Salon plans, billing, entitlements and public feature behavior",Unsafe,Current behavior conflicts with unresolved high-risk rules.,52af829ae8934a6607c32e1372c55d9f846d2d1b; src/lib/plans.ts; subscription routes; .env.example; subscription checks,src/lib/plans.ts; subscription routes; .env.example,/plans; /api/stripe/subscription/*,subscriptions; billing events; changes,Stripe Billing/Portal,webhooks,subscription checks,Approved DB plans/entitlements/config,Billing/legal,Founder/Legal,Stripe prices,Freeze/reconcile plans,Phase D,High,Exact code/config
WS12-013,"Workstream 12 — Subscription tiers, entitlements, and billing",Multilingual core experience.,"Salon plans, billing, entitlements and public feature behavior",Partially implemented,Some layers exist; workflow not end-to-end.,52af829ae8934a6607c32e1372c55d9f846d2d1b; src/lib/plans.ts; subscription routes; .env.example; subscription checks,src/lib/plans.ts; subscription routes; .env.example,/plans; /api/stripe/subscription/*,subscriptions; billing events; changes,Stripe Billing/Portal,webhooks,subscription checks,Approved DB plans/entitlements/config,Billing/legal,Founder/Legal,Stripe prices,Freeze/reconcile plans,Phase D,High,Exact code/config
WS12-014,"Workstream 12 — Subscription tiers, entitlements, and billing",Standard organic-search eligibility.,"Salon plans, billing, entitlements and public feature behavior",Unsafe,Current behavior conflicts with unresolved high-risk rules.,52af829ae8934a6607c32e1372c55d9f846d2d1b; src/lib/plans.ts; subscription routes; .env.example; subscription checks,src/lib/plans.ts; subscription routes; .env.example,/plans; /api/stripe/subscription/*,subscriptions; billing events; changes,Stripe Billing/Portal,webhooks,subscription checks,Approved DB plans/entitlements/config,Billing/legal,Founder/Legal,Stripe prices,Freeze/reconcile plans,Phase D,High,Exact code/config
WS12-015,"Workstream 12 — Subscription tiers, entitlements, and billing",Urgent booking support.,"Salon plans, billing, entitlements and public feature behavior",Partially implemented,Some layers exist; workflow not end-to-end.,52af829ae8934a6607c32e1372c55d9f846d2d1b; src/lib/plans.ts; subscription routes; .env.example; subscription checks,src/lib/plans.ts; subscription routes; .env.example,/plans; /api/stripe/subscription/*,subscriptions; billing events; changes,Stripe Billing/Portal,webhooks,subscription checks,Approved DB plans/entitlements/config,Billing/legal,Founder/Legal,Stripe prices,Freeze/reconcile plans,Phase D,High,Exact code/config
WS12-016,"Workstream 12 — Subscription tiers, entitlements, and billing",Configurable plan records.,"Salon plans, billing, entitlements and public feature behavior",Unsafe,Current behavior conflicts with unresolved high-risk rules.,52af829ae8934a6607c32e1372c55d9f846d2d1b; src/lib/plans.ts; subscription routes; .env.example; subscription checks,src/lib/plans.ts; subscription routes; .env.example,/plans; /api/stripe/subscription/*,subscriptions; billing events; changes,Stripe Billing/Portal,webhooks,subscription checks,Approved DB plans/entitlements/config,Billing/legal,Founder/Legal,Stripe prices,Freeze/reconcile plans,Phase D,High,Exact code/config
WS12-017,"Workstream 12 — Subscription tiers, entitlements, and billing",Configurable feature entitlements.,"Salon plans, billing, entitlements and public feature behavior",Unsafe,Current behavior conflicts with unresolved high-risk rules.,52af829ae8934a6607c32e1372c55d9f846d2d1b; src/lib/plans.ts; subscription routes; .env.example; subscription checks,src/lib/plans.ts; subscription routes; .env.example,/plans; /api/stripe/subscription/*,subscriptions; billing events; changes,Stripe Billing/Portal,webhooks,subscription checks,Approved DB plans/entitlements/config,Billing/legal,Founder/Legal,Stripe prices,Freeze/reconcile plans,Phase D,High,Exact code/config
WS12-018,"Workstream 12 — Subscription tiers, entitlements, and billing",No plan logic hardcoded directly into pages.,"Salon plans, billing, entitlements and public feature behavior",Unsafe,Current behavior conflicts with unresolved high-risk rules.,52af829ae8934a6607c32e1372c55d9f846d2d1b; src/lib/plans.ts; subscription routes; .env.example; subscription checks,src/lib/plans.ts; subscription routes; .env.example,/plans; /api/stripe/subscription/*,subscriptions; billing events; changes,Stripe Billing/Portal,webhooks,subscription checks,Approved DB plans/entitlements/config,Billing/legal,Founder/Legal,Stripe prices,Freeze/reconcile plans,Phase D,High,Exact code/config
WS12-019,"Workstream 12 — Subscription tiers, entitlements, and billing",Subscription signup.,"Salon plans, billing, entitlements and public feature behavior",Complete but weak,Real implementation; handoff quality/provider gaps remain.,52af829ae8934a6607c32e1372c55d9f846d2d1b; src/lib/plans.ts; subscription routes; .env.example; subscription checks,src/lib/plans.ts; subscription routes; .env.example,/plans; /api/stripe/subscription/*,subscriptions; billing events; changes,Stripe Billing/Portal,webhooks,subscription checks,Approved DB plans/entitlements/config,Billing/legal,Founder/Legal,Stripe prices,Freeze/reconcile plans,Phase D,High,Exact code/config
WS12-020,"Workstream 12 — Subscription tiers, entitlements, and billing",Upgrade.,"Salon plans, billing, entitlements and public feature behavior",Complete but weak,Real implementation; handoff quality/provider gaps remain.,52af829ae8934a6607c32e1372c55d9f846d2d1b; src/lib/plans.ts; subscription routes; .env.example; subscription checks,src/lib/plans.ts; subscription routes; .env.example,/plans; /api/stripe/subscription/*,subscriptions; billing events; changes,Stripe Billing/Portal,webhooks,subscription checks,Approved DB plans/entitlements/config,Billing/legal,Founder/Legal,Stripe prices,Freeze/reconcile plans,Phase D,High,Exact code/config
WS12-021,"Workstream 12 — Subscription tiers, entitlements, and billing",Downgrade.,"Salon plans, billing, entitlements and public feature behavior",Complete but weak,Real implementation; handoff quality/provider gaps remain.,52af829ae8934a6607c32e1372c55d9f846d2d1b; src/lib/plans.ts; subscription routes; .env.example; subscription checks,src/lib/plans.ts; subscription routes; .env.example,/plans; /api/stripe/subscription/*,subscriptions; billing events; changes,Stripe Billing/Portal,webhooks,subscription checks,Approved DB plans/entitlements/config,Billing/legal,Founder/Legal,Stripe prices,Freeze/reconcile plans,Phase D,High,Exact code/config
WS12-022,"Workstream 12 — Subscription tiers, entitlements, and billing",Cancellation.,"Salon plans, billing, entitlements and public feature behavior",Complete but weak,Real implementation; handoff quality/provider gaps remain.,52af829ae8934a6607c32e1372c55d9f846d2d1b; src/lib/plans.ts; subscription routes; .env.example; subscription checks,src/lib/plans.ts; subscription routes; .env.example,/plans; /api/stripe/subscription/*,subscriptions; billing events; changes,Stripe Billing/Portal,webhooks,subscription checks,Approved DB plans/entitlements/config,Billing/legal,Founder/Legal,Stripe prices,Freeze/reconcile plans,Phase D,High,Exact code/config
WS12-023,"Workstream 12 — Subscription tiers, entitlements, and billing",Reactivation.,"Salon plans, billing, entitlements and public feature behavior",Complete but weak,Real implementation; handoff quality/provider gaps remain.,52af829ae8934a6607c32e1372c55d9f846d2d1b; src/lib/plans.ts; subscription routes; .env.example; subscription checks,src/lib/plans.ts; subscription routes; .env.example,/plans; /api/stripe/subscription/*,subscriptions; billing events; changes,Stripe Billing/Portal,webhooks,subscription checks,Approved DB plans/entitlements/config,Billing/legal,Founder/Legal,Stripe prices,Freeze/reconcile plans,Phase D,High,Exact code/config
WS12-024,"Workstream 12 — Subscription tiers, entitlements, and billing",Failed-payment handling.,"Salon plans, billing, entitlements and public feature behavior",Complete but weak,Real implementation; handoff quality/provider gaps remain.,52af829ae8934a6607c32e1372c55d9f846d2d1b; src/lib/plans.ts; subscription routes; .env.example; subscription checks,src/lib/plans.ts; subscription routes; .env.example,/plans; /api/stripe/subscription/*,subscriptions; billing events; changes,Stripe Billing/Portal,webhooks,subscription checks,Approved DB plans/entitlements/config,Billing/legal,Founder/Legal,Stripe prices,Freeze/reconcile plans,Phase D,High,Exact code/config
WS12-025,"Workstream 12 — Subscription tiers, entitlements, and billing",Grace period.,"Salon plans, billing, entitlements and public feature behavior",Unsafe,Current behavior conflicts with unresolved high-risk rules.,52af829ae8934a6607c32e1372c55d9f846d2d1b; src/lib/plans.ts; subscription routes; .env.example; subscription checks,src/lib/plans.ts; subscription routes; .env.example,/plans; /api/stripe/subscription/*,subscriptions; billing events; changes,Stripe Billing/Portal,webhooks,subscription checks,Approved DB plans/entitlements/config,Billing/legal,Founder/Legal,Stripe prices,Freeze/reconcile plans,Phase D,High,Exact code/config
WS12-026,"Workstream 12 — Subscription tiers, entitlements, and billing",Invoices and receipts.,"Salon plans, billing, entitlements and public feature behavior",Complete but weak,Real implementation; handoff quality/provider gaps remain.,52af829ae8934a6607c32e1372c55d9f846d2d1b; src/lib/plans.ts; subscription routes; .env.example; subscription checks,src/lib/plans.ts; subscription routes; .env.example,/plans; /api/stripe/subscription/*,subscriptions; billing events; changes,Stripe Billing/Portal,webhooks,subscription checks,Approved DB plans/entitlements/config,Billing/legal,Founder/Legal,Stripe prices,Freeze/reconcile plans,Phase D,High,Exact code/config
WS12-027,"Workstream 12 — Subscription tiers, entitlements, and billing",Founding-partner status.,"Salon plans, billing, entitlements and public feature behavior",Unsafe,Current behavior conflicts with unresolved high-risk rules.,52af829ae8934a6607c32e1372c55d9f846d2d1b; src/lib/plans.ts; subscription routes; .env.example; subscription checks,src/lib/plans.ts; subscription routes; .env.example,/plans; /api/stripe/subscription/*,subscriptions; billing events; changes,Stripe Billing/Portal,webhooks,subscription checks,Approved DB plans/entitlements/config,Billing/legal,Founder/Legal,Stripe prices,Freeze/reconcile plans,Phase D,High,Exact code/config
WS12-028,"Workstream 12 — Subscription tiers, entitlements, and billing",Price grandfathering.,"Salon plans, billing, entitlements and public feature behavior",Unsafe,Current behavior conflicts with unresolved high-risk rules.,52af829ae8934a6607c32e1372c55d9f846d2d1b; src/lib/plans.ts; subscription routes; .env.example; subscription checks,src/lib/plans.ts; subscription routes; .env.example,/plans; /api/stripe/subscription/*,subscriptions; billing events; changes,Stripe Billing/Portal,webhooks,subscription checks,Approved DB plans/entitlements/config,Billing/legal,Founder/Legal,Stripe prices,Freeze/reconcile plans,Phase D,High,Exact code/config
WS12-029,"Workstream 12 — Subscription tiers, entitlements, and billing",Administrative override.,"Salon plans, billing, entitlements and public feature behavior",Unsafe,Current behavior conflicts with unresolved high-risk rules.,52af829ae8934a6607c32e1372c55d9f846d2d1b; src/lib/plans.ts; subscription routes; .env.example; subscription checks,src/lib/plans.ts; subscription routes; .env.example,/plans; /api/stripe/subscription/*,subscriptions; billing events; changes,Stripe Billing/Portal,webhooks,subscription checks,Approved DB plans/entitlements/config,Billing/legal,Founder/Legal,Stripe prices,Freeze/reconcile plans,Phase D,High,Exact code/config
WS12-030,"Workstream 12 — Subscription tiers, entitlements, and billing",Entitlement audit.,"Salon plans, billing, entitlements and public feature behavior",Unsafe,Current behavior conflicts with unresolved high-risk rules.,52af829ae8934a6607c32e1372c55d9f846d2d1b; src/lib/plans.ts; subscription routes; .env.example; subscription checks,src/lib/plans.ts; subscription routes; .env.example,/plans; /api/stripe/subscription/*,subscriptions; billing events; changes,Stripe Billing/Portal,webhooks,subscription checks,Approved DB plans/entitlements/config,Billing/legal,Founder/Legal,Stripe prices,Freeze/reconcile plans,Phase D,High,Exact code/config
WS12-031,"Workstream 12 — Subscription tiers, entitlements, and billing",Usage limits.,"Salon plans, billing, entitlements and public feature behavior",Unsafe,Current behavior conflicts with unresolved high-risk rules.,52af829ae8934a6607c32e1372c55d9f846d2d1b; src/lib/plans.ts; subscription routes; .env.example; subscription checks,src/lib/plans.ts; subscription routes; .env.example,/plans; /api/stripe/subscription/*,subscriptions; billing events; changes,Stripe Billing/Portal,webhooks,subscription checks,Approved DB plans/entitlements/config,Billing/legal,Founder/Legal,Stripe prices,Freeze/reconcile plans,Phase D,High,Exact code/config
WS12-032,"Workstream 12 — Subscription tiers, entitlements, and billing",Fair-use controls.,"Salon plans, billing, entitlements and public feature behavior",Unsafe,Current behavior conflicts with unresolved high-risk rules.,52af829ae8934a6607c32e1372c55d9f846d2d1b; src/lib/plans.ts; subscription routes; .env.example; subscription checks,src/lib/plans.ts; subscription routes; .env.example,/plans; /api/stripe/subscription/*,subscriptions; billing events; changes,Stripe Billing/Portal,webhooks,subscription checks,Approved DB plans/entitlements/config,Billing/legal,Founder/Legal,Stripe prices,Freeze/reconcile plans,Phase D,High,Exact code/config
WS12-033,"Workstream 12 — Subscription tiers, entitlements, and billing",Feature comparison page.,"Salon plans, billing, entitlements and public feature behavior",Unsafe,Current behavior conflicts with unresolved high-risk rules.,52af829ae8934a6607c32e1372c55d9f846d2d1b; src/lib/plans.ts; subscription routes; .env.example; subscription checks,src/lib/plans.ts; subscription routes; .env.example,/plans; /api/stripe/subscription/*,subscriptions; billing events; changes,Stripe Billing/Portal,webhooks,subscription checks,Approved DB plans/entitlements/config,Billing/legal,Founder/Legal,Stripe prices,Freeze/reconcile plans,Phase D,High,Exact code/config
WS12-034,"Workstream 12 — Subscription tiers, entitlements, and billing",Plan-change confirmation.,"Salon plans, billing, entitlements and public feature behavior",Complete but weak,Real implementation; handoff quality/provider gaps remain.,52af829ae8934a6607c32e1372c55d9f846d2d1b; src/lib/plans.ts; subscription routes; .env.example; subscription checks,src/lib/plans.ts; subscription routes; .env.example,/plans; /api/stripe/subscription/*,subscriptions; billing events; changes,Stripe Billing/Portal,webhooks,subscription checks,Approved DB plans/entitlements/config,Billing/legal,Founder/Legal,Stripe prices,Freeze/reconcile plans,Phase D,High,Exact code/config
WS12-035,"Workstream 12 — Subscription tiers, entitlements, and billing",Billing export.,"Salon plans, billing, entitlements and public feature behavior",Unsafe,Current behavior conflicts with unresolved high-risk rules.,52af829ae8934a6607c32e1372c55d9f846d2d1b; src/lib/plans.ts; subscription routes; .env.example; subscription checks,src/lib/plans.ts; subscription routes; .env.example,/plans; /api/stripe/subscription/*,subscriptions; billing events; changes,Stripe Billing/Portal,webhooks,subscription checks,Approved DB plans/entitlements/config,Billing/legal,Founder/Legal,Stripe prices,Freeze/reconcile plans,Phase D,High,Exact code/config
WS13-001,Workstream 13 — Automated advertising and promotion marketplace,On-platform paid placements: Sponsored local search result.; Sponsored “Salons Near You” card.; Sponsored neighborhood carousel.; Sponsored service-category carousel.; Local hero image.; Local hero short video.; Last-minute availability boost.; New-salon launch placement.; Product spotlight.; Sponsored stylist spotlight.,"Salon promotion marketplace, public sponsored surfaces, admin marketing and campaign reporting",Missing,No meaningful implementation found.,52af829ae8934a6607c32e1372c55d9f846d2d1b; featured/trending admin/public code; campaign/media tests,featured/trending admin/public code,/featured; /trending; /api/admin/*campaigns,marketing_entitlements; campaign tables,Admin campaign RPCs,expiry/video jobs,campaign/media tests,Self-service inventory/payment/reporting,Advertising/financial,Marketing/Legal,Stripe/social,Keep Admin pilot; design inventory,Phase D,High,Schema/routes/tests
WS13-002,Workstream 13 — Automated advertising and promotion marketplace,Girlz Culture-owned external media: Instagram Story.; Instagram feed carousel.; Reel.; TikTok.; YouTube feature.; WhatsApp sponsored update.; Email placement.; Push-notification placement.,"Salon promotion marketplace, public sponsored surfaces, admin marketing and campaign reporting",Missing,No meaningful implementation found.,52af829ae8934a6607c32e1372c55d9f846d2d1b; featured/trending admin/public code; campaign/media tests,featured/trending admin/public code,/featured; /trending; /api/admin/*campaigns,marketing_entitlements; campaign tables,Admin campaign RPCs,expiry/video jobs,campaign/media tests,Self-service inventory/payment/reporting,Advertising/financial,Marketing/Legal,Stripe/social,Keep Admin pilot; design inventory,Phase D,High,Schema/routes/tests
WS13-003,Workstream 13 — Automated advertising and promotion marketplace,Managed external advertising: Meta.; Google.; TikTok.; Other approved channels.,"Salon promotion marketplace, public sponsored surfaces, admin marketing and campaign reporting",Missing,No meaningful implementation found.,52af829ae8934a6607c32e1372c55d9f846d2d1b; featured/trending admin/public code; campaign/media tests,featured/trending admin/public code,/featured; /trending; /api/admin/*campaigns,marketing_entitlements; campaign tables,Admin campaign RPCs,expiry/video jobs,campaign/media tests,Self-service inventory/payment/reporting,Advertising/financial,Marketing/Legal,Stripe/social,Keep Admin pilot; design inventory,Phase D,Medium,Schema/routes/tests
WS13-004,Workstream 13 — Automated advertising and promotion marketplace,Earned—not purchasable: Best-salon collections.; Editorial blog features.; Performance awards.; Customer-favorite recognition.; Community stories.; Stylist profiles selected for quality.; YouTube documentary or salon-story features selected editorially.,"Salon promotion marketplace, public sponsored surfaces, admin marketing and campaign reporting",Missing,No meaningful implementation found.,52af829ae8934a6607c32e1372c55d9f846d2d1b; featured/trending admin/public code; campaign/media tests,featured/trending admin/public code,/featured; /trending; /api/admin/*campaigns,marketing_entitlements; campaign tables,Admin campaign RPCs,expiry/video jobs,campaign/media tests,Self-service inventory/payment/reporting,Advertising/financial,Marketing/Legal,Stripe/social,Keep Admin pilot; design inventory,Phase D,High,Schema/routes/tests
WS13-005,Workstream 13 — Automated advertising and promotion marketplace,Hero video × Harlem × knotless braids × October 5–11.,"Salon promotion marketplace, public sponsored surfaces, admin marketing and campaign reporting",Missing,No meaningful implementation found.,52af829ae8934a6607c32e1372c55d9f846d2d1b; featured/trending admin/public code; campaign/media tests,featured/trending admin/public code,/featured; /trending; /api/admin/*campaigns,marketing_entitlements; campaign tables,Admin campaign RPCs,expiry/video jobs,campaign/media tests,Self-service inventory/payment/reporting,Advertising/financial,Marketing/Legal,Stripe/social,Keep Admin pilot; design inventory,Phase D,High,Schema/routes/tests
WS13-006,Workstream 13 — Automated advertising and promotion marketplace,Sponsored search × Orlando × locticians × October 12–18.,"Salon promotion marketplace, public sponsored surfaces, admin marketing and campaign reporting",Missing,No meaningful implementation found.,52af829ae8934a6607c32e1372c55d9f846d2d1b; featured/trending admin/public code; campaign/media tests,featured/trending admin/public code,/featured; /trending; /api/admin/*campaigns,marketing_entitlements; campaign tables,Admin campaign RPCs,expiry/video jobs,campaign/media tests,Self-service inventory/payment/reporting,Advertising/financial,Marketing/Legal,Stripe/social,Keep Admin pilot; design inventory,Phase D,High,Schema/routes/tests
WS13-007,Workstream 13 — Automated advertising and promotion marketplace,Product spotlight × Bronx × hair extensions × November 1–7.,"Salon promotion marketplace, public sponsored surfaces, admin marketing and campaign reporting",Missing,No meaningful implementation found.,52af829ae8934a6607c32e1372c55d9f846d2d1b; featured/trending admin/public code; campaign/media tests,featured/trending admin/public code,/featured; /trending; /api/admin/*campaigns,marketing_entitlements; campaign tables,Admin campaign RPCs,expiry/video jobs,campaign/media tests,Self-service inventory/payment/reporting,Advertising/financial,Marketing/Legal,Stripe/social,Keep Admin pilot; design inventory,Phase D,High,Schema/routes/tests
WS13-008,Workstream 13 — Automated advertising and promotion marketplace,Inventory administration: Advertising surface.; Geographic market.; Service category.; Audience.; Start and end date.; Capacity.; Price.; Eligible plan.; Discount.; Creative format.; Approval requirement.; Availability.; Waitlist.; Cooldown.; Share-of-voice rule.; Status.,"Salon promotion marketplace, public sponsored surfaces, admin marketing and campaign reporting",Missing,No meaningful implementation found.,52af829ae8934a6607c32e1372c55d9f846d2d1b; featured/trending admin/public code; campaign/media tests,featured/trending admin/public code,/featured; /trending; /api/admin/*campaigns,marketing_entitlements; campaign tables,Admin campaign RPCs,expiry/video jobs,campaign/media tests,Self-service inventory/payment/reporting,Advertising/financial,Marketing/Legal,Stripe/social,Keep Admin pilot; design inventory,Phase D,High,Schema/routes/tests
WS13-009,Workstream 13 — Automated advertising and promotion marketplace,Open Promote Your Business.,"Salon promotion marketplace, public sponsored surfaces, admin marketing and campaign reporting",Missing,No meaningful implementation found.,52af829ae8934a6607c32e1372c55d9f846d2d1b; featured/trending admin/public code; campaign/media tests,featured/trending admin/public code,/featured; /trending; /api/admin/*campaigns,marketing_entitlements; campaign tables,Admin campaign RPCs,expiry/video jobs,campaign/media tests,Self-service inventory/payment/reporting,Advertising/financial,Marketing/Legal,Stripe/social,Keep Admin pilot; design inventory,Phase D,High,Schema/routes/tests
WS13-010,Workstream 13 — Automated advertising and promotion marketplace,Select goal.,"Salon promotion marketplace, public sponsored surfaces, admin marketing and campaign reporting",Missing,No meaningful implementation found.,52af829ae8934a6607c32e1372c55d9f846d2d1b; featured/trending admin/public code; campaign/media tests,featured/trending admin/public code,/featured; /trending; /api/admin/*campaigns,marketing_entitlements; campaign tables,Admin campaign RPCs,expiry/video jobs,campaign/media tests,Self-service inventory/payment/reporting,Advertising/financial,Marketing/Legal,Stripe/social,Keep Admin pilot; design inventory,Phase D,High,Schema/routes/tests
WS13-011,Workstream 13 — Automated advertising and promotion marketplace,Select service.,"Salon promotion marketplace, public sponsored surfaces, admin marketing and campaign reporting",Missing,No meaningful implementation found.,52af829ae8934a6607c32e1372c55d9f846d2d1b; featured/trending admin/public code; campaign/media tests,featured/trending admin/public code,/featured; /trending; /api/admin/*campaigns,marketing_entitlements; campaign tables,Admin campaign RPCs,expiry/video jobs,campaign/media tests,Self-service inventory/payment/reporting,Advertising/financial,Marketing/Legal,Stripe/social,Keep Admin pilot; design inventory,Phase D,High,Schema/routes/tests
WS13-012,Workstream 13 — Automated advertising and promotion marketplace,Select location.,"Salon promotion marketplace, public sponsored surfaces, admin marketing and campaign reporting",Missing,No meaningful implementation found.,52af829ae8934a6607c32e1372c55d9f846d2d1b; featured/trending admin/public code; campaign/media tests,featured/trending admin/public code,/featured; /trending; /api/admin/*campaigns,marketing_entitlements; campaign tables,Admin campaign RPCs,expiry/video jobs,campaign/media tests,Self-service inventory/payment/reporting,Advertising/financial,Marketing/Legal,Stripe/social,Keep Admin pilot; design inventory,Phase D,High,Schema/routes/tests
WS13-013,Workstream 13 — Automated advertising and promotion marketplace,Select placement.,"Salon promotion marketplace, public sponsored surfaces, admin marketing and campaign reporting",Missing,No meaningful implementation found.,52af829ae8934a6607c32e1372c55d9f846d2d1b; featured/trending admin/public code; campaign/media tests,featured/trending admin/public code,/featured; /trending; /api/admin/*campaigns,marketing_entitlements; campaign tables,Admin campaign RPCs,expiry/video jobs,campaign/media tests,Self-service inventory/payment/reporting,Advertising/financial,Marketing/Legal,Stripe/social,Keep Admin pilot; design inventory,Phase D,High,Schema/routes/tests
WS13-014,Workstream 13 — Automated advertising and promotion marketplace,View available dates.,"Salon promotion marketplace, public sponsored surfaces, admin marketing and campaign reporting",Missing,No meaningful implementation found.,52af829ae8934a6607c32e1372c55d9f846d2d1b; featured/trending admin/public code; campaign/media tests,featured/trending admin/public code,/featured; /trending; /api/admin/*campaigns,marketing_entitlements; campaign tables,Admin campaign RPCs,expiry/video jobs,campaign/media tests,Self-service inventory/payment/reporting,Advertising/financial,Marketing/Legal,Stripe/social,Keep Admin pilot; design inventory,Phase D,High,Schema/routes/tests
WS13-015,Workstream 13 — Automated advertising and promotion marketplace,Hold slot temporarily.,"Salon promotion marketplace, public sponsored surfaces, admin marketing and campaign reporting",Missing,No meaningful implementation found.,52af829ae8934a6607c32e1372c55d9f846d2d1b; featured/trending admin/public code; campaign/media tests,featured/trending admin/public code,/featured; /trending; /api/admin/*campaigns,marketing_entitlements; campaign tables,Admin campaign RPCs,expiry/video jobs,campaign/media tests,Self-service inventory/payment/reporting,Advertising/financial,Marketing/Legal,Stripe/social,Keep Admin pilot; design inventory,Phase D,High,Schema/routes/tests
WS13-016,Workstream 13 — Automated advertising and promotion marketplace,Upload creative.,"Salon promotion marketplace, public sponsored surfaces, admin marketing and campaign reporting",Missing,No meaningful implementation found.,52af829ae8934a6607c32e1372c55d9f846d2d1b; featured/trending admin/public code; campaign/media tests,featured/trending admin/public code,/featured; /trending; /api/admin/*campaigns,marketing_entitlements; campaign tables,Admin campaign RPCs,expiry/video jobs,campaign/media tests,Self-service inventory/payment/reporting,Advertising/financial,Marketing/Legal,Stripe/social,Keep Admin pilot; design inventory,Phase D,High,Schema/routes/tests
WS13-017,Workstream 13 — Automated advertising and promotion marketplace,Preview.,"Salon promotion marketplace, public sponsored surfaces, admin marketing and campaign reporting",Missing,No meaningful implementation found.,52af829ae8934a6607c32e1372c55d9f846d2d1b; featured/trending admin/public code; campaign/media tests,featured/trending admin/public code,/featured; /trending; /api/admin/*campaigns,marketing_entitlements; campaign tables,Admin campaign RPCs,expiry/video jobs,campaign/media tests,Self-service inventory/payment/reporting,Advertising/financial,Marketing/Legal,Stripe/social,Keep Admin pilot; design inventory,Phase D,High,Schema/routes/tests
WS13-018,Workstream 13 — Automated advertising and promotion marketplace,Pass eligibility check.,"Salon promotion marketplace, public sponsored surfaces, admin marketing and campaign reporting",Missing,No meaningful implementation found.,52af829ae8934a6607c32e1372c55d9f846d2d1b; featured/trending admin/public code; campaign/media tests,featured/trending admin/public code,/featured; /trending; /api/admin/*campaigns,marketing_entitlements; campaign tables,Admin campaign RPCs,expiry/video jobs,campaign/media tests,Self-service inventory/payment/reporting,Advertising/financial,Marketing/Legal,Stripe/social,Keep Admin pilot; design inventory,Phase D,High,Schema/routes/tests
WS13-019,Workstream 13 — Automated advertising and promotion marketplace,Authorize payment.,"Salon promotion marketplace, public sponsored surfaces, admin marketing and campaign reporting",Missing,No meaningful implementation found.,52af829ae8934a6607c32e1372c55d9f846d2d1b; featured/trending admin/public code; campaign/media tests,featured/trending admin/public code,/featured; /trending; /api/admin/*campaigns,marketing_entitlements; campaign tables,Admin campaign RPCs,expiry/video jobs,campaign/media tests,Self-service inventory/payment/reporting,Advertising/financial,Marketing/Legal,Stripe/social,Keep Admin pilot; design inventory,Phase D,High,Schema/routes/tests
WS13-020,Workstream 13 — Automated advertising and promotion marketplace,Submit for review.,"Salon promotion marketplace, public sponsored surfaces, admin marketing and campaign reporting",Missing,No meaningful implementation found.,52af829ae8934a6607c32e1372c55d9f846d2d1b; featured/trending admin/public code; campaign/media tests,featured/trending admin/public code,/featured; /trending; /api/admin/*campaigns,marketing_entitlements; campaign tables,Admin campaign RPCs,expiry/video jobs,campaign/media tests,Self-service inventory/payment/reporting,Advertising/financial,Marketing/Legal,Stripe/social,Keep Admin pilot; design inventory,Phase D,High,Schema/routes/tests
WS13-021,Workstream 13 — Automated advertising and promotion marketplace,Receive approval or correction request.,"Salon promotion marketplace, public sponsored surfaces, admin marketing and campaign reporting",Missing,No meaningful implementation found.,52af829ae8934a6607c32e1372c55d9f846d2d1b; featured/trending admin/public code; campaign/media tests,featured/trending admin/public code,/featured; /trending; /api/admin/*campaigns,marketing_entitlements; campaign tables,Admin campaign RPCs,expiry/video jobs,campaign/media tests,Self-service inventory/payment/reporting,Advertising/financial,Marketing/Legal,Stripe/social,Keep Admin pilot; design inventory,Phase D,High,Schema/routes/tests
WS13-022,Workstream 13 — Automated advertising and promotion marketplace,Capture payment after approval.,"Salon promotion marketplace, public sponsored surfaces, admin marketing and campaign reporting",Missing,No meaningful implementation found.,52af829ae8934a6607c32e1372c55d9f846d2d1b; featured/trending admin/public code; campaign/media tests,featured/trending admin/public code,/featured; /trending; /api/admin/*campaigns,marketing_entitlements; campaign tables,Admin campaign RPCs,expiry/video jobs,campaign/media tests,Self-service inventory/payment/reporting,Advertising/financial,Marketing/Legal,Stripe/social,Keep Admin pilot; design inventory,Phase D,High,Schema/routes/tests
WS13-023,Workstream 13 — Automated advertising and promotion marketplace,Schedule automatically.,"Salon promotion marketplace, public sponsored surfaces, admin marketing and campaign reporting",Missing,No meaningful implementation found.,52af829ae8934a6607c32e1372c55d9f846d2d1b; featured/trending admin/public code; campaign/media tests,featured/trending admin/public code,/featured; /trending; /api/admin/*campaigns,marketing_entitlements; campaign tables,Admin campaign RPCs,expiry/video jobs,campaign/media tests,Self-service inventory/payment/reporting,Advertising/financial,Marketing/Legal,Stripe/social,Keep Admin pilot; design inventory,Phase D,High,Schema/routes/tests
WS13-024,Workstream 13 — Automated advertising and promotion marketplace,Publish automatically.,"Salon promotion marketplace, public sponsored surfaces, admin marketing and campaign reporting",Missing,No meaningful implementation found.,52af829ae8934a6607c32e1372c55d9f846d2d1b; featured/trending admin/public code; campaign/media tests,featured/trending admin/public code,/featured; /trending; /api/admin/*campaigns,marketing_entitlements; campaign tables,Admin campaign RPCs,expiry/video jobs,campaign/media tests,Self-service inventory/payment/reporting,Advertising/financial,Marketing/Legal,Stripe/social,Keep Admin pilot; design inventory,Phase D,High,Schema/routes/tests
WS13-025,Workstream 13 — Automated advertising and promotion marketplace,End automatically.,"Salon promotion marketplace, public sponsored surfaces, admin marketing and campaign reporting",Missing,No meaningful implementation found.,52af829ae8934a6607c32e1372c55d9f846d2d1b; featured/trending admin/public code; campaign/media tests,featured/trending admin/public code,/featured; /trending; /api/admin/*campaigns,marketing_entitlements; campaign tables,Admin campaign RPCs,expiry/video jobs,campaign/media tests,Self-service inventory/payment/reporting,Advertising/financial,Marketing/Legal,Stripe/social,Keep Admin pilot; design inventory,Phase D,High,Schema/routes/tests
WS13-026,Workstream 13 — Automated advertising and promotion marketplace,Receive results.,"Salon promotion marketplace, public sponsored surfaces, admin marketing and campaign reporting",Missing,No meaningful implementation found.,52af829ae8934a6607c32e1372c55d9f846d2d1b; featured/trending admin/public code; campaign/media tests,featured/trending admin/public code,/featured; /trending; /api/admin/*campaigns,marketing_entitlements; campaign tables,Admin campaign RPCs,expiry/video jobs,campaign/media tests,Self-service inventory/payment/reporting,Advertising/financial,Marketing/Legal,Stripe/social,Keep Admin pilot; design inventory,Phase D,High,Schema/routes/tests
WS13-027,Workstream 13 — Automated advertising and promotion marketplace,Eligibility system: Profile completeness.; Authentic portfolio.; Valid location.; Connected payment account.; Current availability.; No severe unresolved complaint.; Acceptable salon cancellation rate.; Accurate prices.; Relevant creative.; No review manipulation.; No misleading claim.,"Salon promotion marketplace, public sponsored surfaces, admin marketing and campaign reporting",Partially implemented,Some layers exist; workflow not end-to-end.,52af829ae8934a6607c32e1372c55d9f846d2d1b; featured/trending admin/public code; campaign/media tests,featured/trending admin/public code,/featured; /trending; /api/admin/*campaigns,marketing_entitlements; campaign tables,Admin campaign RPCs,expiry/video jobs,campaign/media tests,Self-service inventory/payment/reporting,Advertising/financial,Marketing/Legal,Stripe/social,Keep Admin pilot; design inventory,Phase D,High,Schema/routes/tests
WS13-028,Workstream 13 — Automated advertising and promotion marketplace,Capacity controls: Maximum paid cards per surface.; No permanent domination by one salon.; Consecutive-week cap.; Cooldown.; Waitlist.; Geographic separation.; Service relevance.; Automatic next-available-date display.,"Salon promotion marketplace, public sponsored surfaces, admin marketing and campaign reporting",Missing,No meaningful implementation found.,52af829ae8934a6607c32e1372c55d9f846d2d1b; featured/trending admin/public code; campaign/media tests,featured/trending admin/public code,/featured; /trending; /api/admin/*campaigns,marketing_entitlements; campaign tables,Admin campaign RPCs,expiry/video jobs,campaign/media tests,Self-service inventory/payment/reporting,Advertising/financial,Marketing/Legal,Stripe/social,Keep Admin pilot; design inventory,Phase D,High,Schema/routes/tests
WS13-029,Workstream 13 — Automated advertising and promotion marketplace,Creative controls: Image/video specifications.; Automated validation.; Moderation.; Copyright declaration.; Model/media release declaration.; Correction request.; Rejection reason.; Version history.; Accessible fallback image.; Reduced-motion behavior for moving content.,"Salon promotion marketplace, public sponsored surfaces, admin marketing and campaign reporting",Missing,No meaningful implementation found.,52af829ae8934a6607c32e1372c55d9f846d2d1b; featured/trending admin/public code; campaign/media tests,featured/trending admin/public code,/featured; /trending; /api/admin/*campaigns,marketing_entitlements; campaign tables,Admin campaign RPCs,expiry/video jobs,campaign/media tests,Self-service inventory/payment/reporting,Advertising/financial,Marketing/Legal,Stripe/social,Keep Admin pilot; design inventory,Phase D,High,Schema/routes/tests
WS13-030,Workstream 13 — Automated advertising and promotion marketplace,Reporting: Impressions.; Unique reach where available.; Clicks.; Profile views.; Service views.; Booking starts.; Confirmed bookings.; Completed bookings.; Booked value.; Verified completed value.; Cost per completed booking.; Return on advertising spend.; Refunds and cancellations.,"Salon promotion marketplace, public sponsored surfaces, admin marketing and campaign reporting",Missing,No meaningful implementation found.,52af829ae8934a6607c32e1372c55d9f846d2d1b; featured/trending admin/public code; campaign/media tests,featured/trending admin/public code,/featured; /trending; /api/admin/*campaigns,marketing_entitlements; campaign tables,Admin campaign RPCs,expiry/video jobs,campaign/media tests,Self-service inventory/payment/reporting,Advertising/financial,Marketing/Legal,Stripe/social,Keep Admin pilot; design inventory,Phase D,High,Schema/routes/tests
WS14-001,"Workstream 14 — Organic ranking, sponsored ranking, and editorial trust",Organic relevance.,"Organic discovery, sponsored placements, editorial collections and admin interventions",Complete but weak,Real implementation; handoff quality/provider gaps remain.,52af829ae8934a6607c32e1372c55d9f846d2d1b; authoritative discovery SQL; featured routes; discovery/campaign tests,authoritative discovery SQL; featured routes,/search; /salons; /featured,discover_nearby_salons_ranked; campaigns,Discovery RPCs,none,discovery/campaign tests,Weights/version/debug/experiments,Ranking trust,Editorial/Marketing,None,Version ranking,Phase D/E,High,SQL/routes/tests
WS14-002,"Workstream 14 — Organic ranking, sponsored ranking, and editorial trust",Sponsored visibility.,"Organic discovery, sponsored placements, editorial collections and admin interventions",Complete but weak,Real implementation; handoff quality/provider gaps remain.,52af829ae8934a6607c32e1372c55d9f846d2d1b; authoritative discovery SQL; featured routes; discovery/campaign tests,authoritative discovery SQL; featured routes,/search; /salons; /featured,discover_nearby_salons_ranked; campaigns,Discovery RPCs,none,discovery/campaign tests,Weights/version/debug/experiments,Ranking trust,Editorial/Marketing,None,Version ranking,Phase D/E,High,SQL/routes/tests
WS14-003,"Workstream 14 — Organic ranking, sponsored ranking, and editorial trust",Salon-funded customer offers.,"Organic discovery, sponsored placements, editorial collections and admin interventions",Partially implemented,Some layers exist; workflow not end-to-end.,52af829ae8934a6607c32e1372c55d9f846d2d1b; authoritative discovery SQL; featured routes; discovery/campaign tests,authoritative discovery SQL; featured routes,/search; /salons; /featured,discover_nearby_salons_ranked; campaigns,Discovery RPCs,none,discovery/campaign tests,Weights/version/debug/experiments,Ranking trust,Editorial/Marketing,None,Version ranking,Phase D/E,High,SQL/routes/tests
WS14-004,"Workstream 14 — Organic ranking, sponsored ranking, and editorial trust",Earned editorial recognition.,"Organic discovery, sponsored placements, editorial collections and admin interventions",Partially implemented,Some layers exist; workflow not end-to-end.,52af829ae8934a6607c32e1372c55d9f846d2d1b; authoritative discovery SQL; featured routes; discovery/campaign tests,authoritative discovery SQL; featured routes,/search; /salons; /featured,discover_nearby_salons_ranked; campaigns,Discovery RPCs,none,discovery/campaign tests,Weights/version/debug/experiments,Ranking trust,Editorial/Marketing,None,Version ranking,Phase D/E,High,SQL/routes/tests
WS14-005,"Workstream 14 — Organic ranking, sponsored ranking, and editorial trust",Exact service match.,"Organic discovery, sponsored placements, editorial collections and admin interventions",Complete but weak,Real implementation; handoff quality/provider gaps remain.,52af829ae8934a6607c32e1372c55d9f846d2d1b; authoritative discovery SQL; featured routes; discovery/campaign tests,authoritative discovery SQL; featured routes,/search; /salons; /featured,discover_nearby_salons_ranked; campaigns,Discovery RPCs,none,discovery/campaign tests,Weights/version/debug/experiments,Ranking trust,Editorial/Marketing,None,Version ranking,Phase D/E,High,SQL/routes/tests
WS14-006,"Workstream 14 — Organic ranking, sponsored ranking, and editorial trust",Requested date and availability.,"Organic discovery, sponsored placements, editorial collections and admin interventions",Partially implemented,Some layers exist; workflow not end-to-end.,52af829ae8934a6607c32e1372c55d9f846d2d1b; authoritative discovery SQL; featured routes; discovery/campaign tests,authoritative discovery SQL; featured routes,/search; /salons; /featured,discover_nearby_salons_ranked; campaigns,Discovery RPCs,none,discovery/campaign tests,Weights/version/debug/experiments,Ranking trust,Editorial/Marketing,None,Version ranking,Phase D/E,High,SQL/routes/tests
WS14-007,"Workstream 14 — Organic ranking, sponsored ranking, and editorial trust",Distance from the chosen destination.,"Organic discovery, sponsored placements, editorial collections and admin interventions",Complete but weak,Real implementation; handoff quality/provider gaps remain.,52af829ae8934a6607c32e1372c55d9f846d2d1b; authoritative discovery SQL; featured routes; discovery/campaign tests,authoritative discovery SQL; featured routes,/search; /salons; /featured,discover_nearby_salons_ranked; campaigns,Discovery RPCs,none,discovery/campaign tests,Weights/version/debug/experiments,Ranking trust,Editorial/Marketing,None,Version ranking,Phase D/E,High,SQL/routes/tests
WS14-008,"Workstream 14 — Organic ranking, sponsored ranking, and editorial trust",Salon reliability.,"Organic discovery, sponsored placements, editorial collections and admin interventions",Partially implemented,Some layers exist; workflow not end-to-end.,52af829ae8934a6607c32e1372c55d9f846d2d1b; authoritative discovery SQL; featured routes; discovery/campaign tests,authoritative discovery SQL; featured routes,/search; /salons; /featured,discover_nearby_salons_ranked; campaigns,Discovery RPCs,none,discovery/campaign tests,Weights/version/debug/experiments,Ranking trust,Editorial/Marketing,None,Version ranking,Phase D/E,High,SQL/routes/tests
WS14-009,"Workstream 14 — Organic ranking, sponsored ranking, and editorial trust",Review quality and confidence.,"Organic discovery, sponsored placements, editorial collections and admin interventions",Partially implemented,Some layers exist; workflow not end-to-end.,52af829ae8934a6607c32e1372c55d9f846d2d1b; authoritative discovery SQL; featured routes; discovery/campaign tests,authoritative discovery SQL; featured routes,/search; /salons; /featured,discover_nearby_salons_ranked; campaigns,Discovery RPCs,none,discovery/campaign tests,Weights/version/debug/experiments,Ranking trust,Editorial/Marketing,None,Version ranking,Phase D/E,High,SQL/routes/tests
WS14-010,"Workstream 14 — Organic ranking, sponsored ranking, and editorial trust",Profile completeness.,"Organic discovery, sponsored placements, editorial collections and admin interventions",Partially implemented,Some layers exist; workflow not end-to-end.,52af829ae8934a6607c32e1372c55d9f846d2d1b; authoritative discovery SQL; featured routes; discovery/campaign tests,authoritative discovery SQL; featured routes,/search; /salons; /featured,discover_nearby_salons_ranked; campaigns,Discovery RPCs,none,discovery/campaign tests,Weights/version/debug/experiments,Ranking trust,Editorial/Marketing,None,Version ranking,Phase D/E,High,SQL/routes/tests
WS14-011,"Workstream 14 — Organic ranking, sponsored ranking, and editorial trust",Customer preference.,"Organic discovery, sponsored placements, editorial collections and admin interventions",Partially implemented,Some layers exist; workflow not end-to-end.,52af829ae8934a6607c32e1372c55d9f846d2d1b; authoritative discovery SQL; featured routes; discovery/campaign tests,authoritative discovery SQL; featured routes,/search; /salons; /featured,discover_nearby_salons_ranked; campaigns,Discovery RPCs,none,discovery/campaign tests,Weights/version/debug/experiments,Ranking trust,Editorial/Marketing,None,Version ranking,Phase D/E,High,SQL/routes/tests
WS14-012,"Workstream 14 — Organic ranking, sponsored ranking, and editorial trust",Price and duration relevance.,"Organic discovery, sponsored placements, editorial collections and admin interventions",Partially implemented,Some layers exist; workflow not end-to-end.,52af829ae8934a6607c32e1372c55d9f846d2d1b; authoritative discovery SQL; featured routes; discovery/campaign tests,authoritative discovery SQL; featured routes,/search; /salons; /featured,discover_nearby_salons_ranked; campaigns,Discovery RPCs,none,discovery/campaign tests,Weights/version/debug/experiments,Ranking trust,Editorial/Marketing,None,Version ranking,Phase D/E,High,SQL/routes/tests
WS14-013,"Workstream 14 — Organic ranking, sponsored ranking, and editorial trust",Configurable ranking weights.,"Organic discovery, sponsored placements, editorial collections and admin interventions",Missing,No meaningful implementation found.,52af829ae8934a6607c32e1372c55d9f846d2d1b; authoritative discovery SQL; featured routes; discovery/campaign tests,authoritative discovery SQL; featured routes,/search; /salons; /featured,discover_nearby_salons_ranked; campaigns,Discovery RPCs,none,discovery/campaign tests,Weights/version/debug/experiments,Ranking trust,Editorial/Marketing,None,Version ranking,Phase D/E,High,SQL/routes/tests
WS14-014,"Workstream 14 — Organic ranking, sponsored ranking, and editorial trust",Ranking version history.,"Organic discovery, sponsored placements, editorial collections and admin interventions",Missing,No meaningful implementation found.,52af829ae8934a6607c32e1372c55d9f846d2d1b; authoritative discovery SQL; featured routes; discovery/campaign tests,authoritative discovery SQL; featured routes,/search; /salons; /featured,discover_nearby_salons_ranked; campaigns,Discovery RPCs,none,discovery/campaign tests,Weights/version/debug/experiments,Ranking trust,Editorial/Marketing,None,Version ranking,Phase D/E,High,SQL/routes/tests
WS14-015,"Workstream 14 — Organic ranking, sponsored ranking, and editorial trust",Debugging view explaining why a salon ranked.,"Organic discovery, sponsored placements, editorial collections and admin interventions",Missing,No meaningful implementation found.,52af829ae8934a6607c32e1372c55d9f846d2d1b; authoritative discovery SQL; featured routes; discovery/campaign tests,authoritative discovery SQL; featured routes,/search; /salons; /featured,discover_nearby_salons_ranked; campaigns,Discovery RPCs,none,discovery/campaign tests,Weights/version/debug/experiments,Ranking trust,Editorial/Marketing,None,Version ranking,Phase D/E,High,SQL/routes/tests
WS14-016,"Workstream 14 — Organic ranking, sponsored ranking, and editorial trust",New-salon probation treatment.,"Organic discovery, sponsored placements, editorial collections and admin interventions",Missing,No meaningful implementation found.,52af829ae8934a6607c32e1372c55d9f846d2d1b; authoritative discovery SQL; featured routes; discovery/campaign tests,authoritative discovery SQL; featured routes,/search; /salons; /featured,discover_nearby_salons_ranked; campaigns,Discovery RPCs,none,discovery/campaign tests,Weights/version/debug/experiments,Ranking trust,Editorial/Marketing,None,Version ranking,Phase D/E,High,SQL/routes/tests
WS14-017,"Workstream 14 — Organic ranking, sponsored ranking, and editorial trust",Anti-manipulation controls.,"Organic discovery, sponsored placements, editorial collections and admin interventions",Missing,No meaningful implementation found.,52af829ae8934a6607c32e1372c55d9f846d2d1b; authoritative discovery SQL; featured routes; discovery/campaign tests,authoritative discovery SQL; featured routes,/search; /salons; /featured,discover_nearby_salons_ranked; campaigns,Discovery RPCs,none,discovery/campaign tests,Weights/version/debug/experiments,Ranking trust,Editorial/Marketing,None,Version ranking,Phase D/E,High,SQL/routes/tests
WS14-018,"Workstream 14 — Organic ranking, sponsored ranking, and editorial trust",Review-confidence logic.,"Organic discovery, sponsored placements, editorial collections and admin interventions",Missing,No meaningful implementation found.,52af829ae8934a6607c32e1372c55d9f846d2d1b; authoritative discovery SQL; featured routes; discovery/campaign tests,authoritative discovery SQL; featured routes,/search; /salons; /featured,discover_nearby_salons_ranked; campaigns,Discovery RPCs,none,discovery/campaign tests,Weights/version/debug/experiments,Ranking trust,Editorial/Marketing,None,Version ranking,Phase D/E,High,SQL/routes/tests
WS14-019,"Workstream 14 — Organic ranking, sponsored ranking, and editorial trust",Separation of sponsored and organic scores.,"Organic discovery, sponsored placements, editorial collections and admin interventions",Complete but weak,Real implementation; handoff quality/provider gaps remain.,52af829ae8934a6607c32e1372c55d9f846d2d1b; authoritative discovery SQL; featured routes; discovery/campaign tests,authoritative discovery SQL; featured routes,/search; /salons; /featured,discover_nearby_salons_ranked; campaigns,Discovery RPCs,none,discovery/campaign tests,Weights/version/debug/experiments,Ranking trust,Editorial/Marketing,None,Version ranking,Phase D/E,High,SQL/routes/tests
WS14-020,"Workstream 14 — Organic ranking, sponsored ranking, and editorial trust",Sponsored labels.,"Organic discovery, sponsored placements, editorial collections and admin interventions",Complete but weak,Real implementation; handoff quality/provider gaps remain.,52af829ae8934a6607c32e1372c55d9f846d2d1b; authoritative discovery SQL; featured routes; discovery/campaign tests,authoritative discovery SQL; featured routes,/search; /salons; /featured,discover_nearby_salons_ranked; campaigns,Discovery RPCs,none,discovery/campaign tests,Weights/version/debug/experiments,Ranking trust,Editorial/Marketing,None,Version ranking,Phase D/E,High,SQL/routes/tests
WS14-021,"Workstream 14 — Organic ranking, sponsored ranking, and editorial trust",Experiment support.,"Organic discovery, sponsored placements, editorial collections and admin interventions",Missing,No meaningful implementation found.,52af829ae8934a6607c32e1372c55d9f846d2d1b; authoritative discovery SQL; featured routes; discovery/campaign tests,authoritative discovery SQL; featured routes,/search; /salons; /featured,discover_nearby_salons_ranked; campaigns,Discovery RPCs,none,discovery/campaign tests,Weights/version/debug/experiments,Ranking trust,Editorial/Marketing,None,Version ranking,Phase D/E,High,SQL/routes/tests
WS14-022,"Workstream 14 — Organic ranking, sponsored ranking, and editorial trust",Ranking-performance analytics.,"Organic discovery, sponsored placements, editorial collections and admin interventions",Missing,No meaningful implementation found.,52af829ae8934a6607c32e1372c55d9f846d2d1b; authoritative discovery SQL; featured routes; discovery/campaign tests,authoritative discovery SQL; featured routes,/search; /salons; /featured,discover_nearby_salons_ranked; campaigns,Discovery RPCs,none,discovery/campaign tests,Weights/version/debug/experiments,Ranking trust,Editorial/Marketing,None,Version ranking,Phase D/E,High,SQL/routes/tests
WS14-023,"Workstream 14 — Organic ranking, sponsored ranking, and editorial trust",Admin ability to remove a salon for policy reasons.,"Organic discovery, sponsored placements, editorial collections and admin interventions",Partially implemented,Some layers exist; workflow not end-to-end.,52af829ae8934a6607c32e1372c55d9f846d2d1b; authoritative discovery SQL; featured routes; discovery/campaign tests,authoritative discovery SQL; featured routes,/search; /salons; /featured,discover_nearby_salons_ranked; campaigns,Discovery RPCs,none,discovery/campaign tests,Weights/version/debug/experiments,Ranking trust,Editorial/Marketing,None,Version ranking,Phase D/E,High,SQL/routes/tests
WS14-024,"Workstream 14 — Organic ranking, sponsored ranking, and editorial trust",Audit of manual interventions.,"Organic discovery, sponsored placements, editorial collections and admin interventions",Missing,No meaningful implementation found.,52af829ae8934a6607c32e1372c55d9f846d2d1b; authoritative discovery SQL; featured routes; discovery/campaign tests,authoritative discovery SQL; featured routes,/search; /salons; /featured,discover_nearby_salons_ranked; campaigns,Discovery RPCs,none,discovery/campaign tests,Weights/version/debug/experiments,Ranking trust,Editorial/Marketing,None,Version ranking,Phase D/E,High,SQL/routes/tests
WS15-001,"Workstream 15 — Attribution, booking value, and salon performance reporting",Girlz Culture paid advertising.,Salon/admin/advertising analytics and finance,Partially implemented,Some layers exist; workflow not end-to-end.,52af829ae8934a6607c32e1372c55d9f846d2d1b; booking/finance/analytics components; overview/finance tests,booking/finance/analytics components,analytics/overview routes,bookings; finance; campaign tables,Dashboard queries,no full attribution job,overview/finance tests,Touchpoints/UTM/confidence/reports,Reporting/privacy,Data/Founder,ad platforms,Define attribution model,Phase C/D,High,Search + schema
WS15-002,"Workstream 15 — Attribution, booking value, and salon performance reporting",Girlz Culture organic search.,Salon/admin/advertising analytics and finance,Partially implemented,Some layers exist; workflow not end-to-end.,52af829ae8934a6607c32e1372c55d9f846d2d1b; booking/finance/analytics components; overview/finance tests,booking/finance/analytics components,analytics/overview routes,bookings; finance; campaign tables,Dashboard queries,no full attribution job,overview/finance tests,Touchpoints/UTM/confidence/reports,Reporting/privacy,Data/Founder,ad platforms,Define attribution model,Phase C/D,High,Search + schema
WS15-003,"Workstream 15 — Attribution, booking value, and salon performance reporting",Girlz Culture social.,Salon/admin/advertising analytics and finance,Partially implemented,Some layers exist; workflow not end-to-end.,52af829ae8934a6607c32e1372c55d9f846d2d1b; booking/finance/analytics components; overview/finance tests,booking/finance/analytics components,analytics/overview routes,bookings; finance; campaign tables,Dashboard queries,no full attribution job,overview/finance tests,Touchpoints/UTM/confidence/reports,Reporting/privacy,Data/Founder,ad platforms,Define attribution model,Phase C/D,High,Search + schema
WS15-004,"Workstream 15 — Attribution, booking value, and salon performance reporting",Girlz Culture marketplace browsing.,Salon/admin/advertising analytics and finance,Partially implemented,Some layers exist; workflow not end-to-end.,52af829ae8934a6607c32e1372c55d9f846d2d1b; booking/finance/analytics components; overview/finance tests,booking/finance/analytics components,analytics/overview routes,bookings; finance; campaign tables,Dashboard queries,no full attribution job,overview/finance tests,Touchpoints/UTM/confidence/reports,Reporting/privacy,Data/Founder,ad platforms,Define attribution model,Phase C/D,High,Search + schema
WS15-005,"Workstream 15 — Attribution, booking value, and salon performance reporting",Salon Instagram.,Salon/admin/advertising analytics and finance,Partially implemented,Some layers exist; workflow not end-to-end.,52af829ae8934a6607c32e1372c55d9f846d2d1b; booking/finance/analytics components; overview/finance tests,booking/finance/analytics components,analytics/overview routes,bookings; finance; campaign tables,Dashboard queries,no full attribution job,overview/finance tests,Touchpoints/UTM/confidence/reports,Reporting/privacy,Data/Founder,ad platforms,Define attribution model,Phase C/D,High,Search + schema
WS15-006,"Workstream 15 — Attribution, booking value, and salon performance reporting",Salon Google Business Profile.,Salon/admin/advertising analytics and finance,Partially implemented,Some layers exist; workflow not end-to-end.,52af829ae8934a6607c32e1372c55d9f846d2d1b; booking/finance/analytics components; overview/finance tests,booking/finance/analytics components,analytics/overview routes,bookings; finance; campaign tables,Dashboard queries,no full attribution job,overview/finance tests,Touchpoints/UTM/confidence/reports,Reporting/privacy,Data/Founder,ad platforms,Define attribution model,Phase C/D,Medium,Search + schema
WS15-007,"Workstream 15 — Attribution, booking value, and salon performance reporting",Salon QR code.,Salon/admin/advertising analytics and finance,Partially implemented,Some layers exist; workflow not end-to-end.,52af829ae8934a6607c32e1372c55d9f846d2d1b; booking/finance/analytics components; overview/finance tests,booking/finance/analytics components,analytics/overview routes,bookings; finance; campaign tables,Dashboard queries,no full attribution job,overview/finance tests,Touchpoints/UTM/confidence/reports,Reporting/privacy,Data/Founder,ad platforms,Define attribution model,Phase C/D,High,Search + schema
WS15-008,"Workstream 15 — Attribution, booking value, and salon performance reporting",Salon direct link.,Salon/admin/advertising analytics and finance,Partially implemented,Some layers exist; workflow not end-to-end.,52af829ae8934a6607c32e1372c55d9f846d2d1b; booking/finance/analytics components; overview/finance tests,booking/finance/analytics components,analytics/overview routes,bookings; finance; campaign tables,Dashboard queries,no full attribution job,overview/finance tests,Touchpoints/UTM/confidence/reports,Reporting/privacy,Data/Founder,ad platforms,Define attribution model,Phase C/D,High,Search + schema
WS15-009,"Workstream 15 — Attribution, booking value, and salon performance reporting",Salon WhatsApp or DM.,Salon/admin/advertising analytics and finance,Partially implemented,Some layers exist; workflow not end-to-end.,52af829ae8934a6607c32e1372c55d9f846d2d1b; booking/finance/analytics components; overview/finance tests,booking/finance/analytics components,analytics/overview routes,bookings; finance; campaign tables,Dashboard queries,no full attribution job,overview/finance tests,Touchpoints/UTM/confidence/reports,Reporting/privacy,Data/Founder,ad platforms,Define attribution model,Phase C/D,High,Search + schema
WS15-010,"Workstream 15 — Attribution, booking value, and salon performance reporting",Creator or ambassador.,Salon/admin/advertising analytics and finance,Missing,No meaningful implementation found.,52af829ae8934a6607c32e1372c55d9f846d2d1b; booking/finance/analytics components; overview/finance tests,booking/finance/analytics components,analytics/overview routes,bookings; finance; campaign tables,Dashboard queries,no full attribution job,overview/finance tests,Touchpoints/UTM/confidence/reports,Reporting/privacy,Data/Founder,ad platforms,Define attribution model,Phase C/D,High,Search + schema
WS15-011,"Workstream 15 — Attribution, booking value, and salon performance reporting",Repeat customer.,Salon/admin/advertising analytics and finance,Partially implemented,Some layers exist; workflow not end-to-end.,52af829ae8934a6607c32e1372c55d9f846d2d1b; booking/finance/analytics components; overview/finance tests,booking/finance/analytics components,analytics/overview routes,bookings; finance; campaign tables,Dashboard queries,no full attribution job,overview/finance tests,Touchpoints/UTM/confidence/reports,Reporting/privacy,Data/Founder,ad platforms,Define attribution model,Phase C/D,High,Search + schema
WS15-012,"Workstream 15 — Attribution, booking value, and salon performance reporting",Direct/unknown.,Salon/admin/advertising analytics and finance,Partially implemented,Some layers exist; workflow not end-to-end.,52af829ae8934a6607c32e1372c55d9f846d2d1b; booking/finance/analytics components; overview/finance tests,booking/finance/analytics components,analytics/overview routes,bookings; finance; campaign tables,Dashboard queries,no full attribution job,overview/finance tests,Touchpoints/UTM/confidence/reports,Reporting/privacy,Data/Founder,ad platforms,Define attribution model,Phase C/D,High,Search + schema
WS15-013,"Workstream 15 — Attribution, booking value, and salon performance reporting",Booking ID.,Salon/admin/advertising analytics and finance,Complete but weak,Real implementation; handoff quality/provider gaps remain.,52af829ae8934a6607c32e1372c55d9f846d2d1b; booking/finance/analytics components; overview/finance tests,booking/finance/analytics components,analytics/overview routes,bookings; finance; campaign tables,Dashboard queries,no full attribution job,overview/finance tests,Touchpoints/UTM/confidence/reports,Reporting/privacy,Data/Founder,ad platforms,Define attribution model,Phase C/D,High,Search + schema
WS15-014,"Workstream 15 — Attribution, booking value, and salon performance reporting",Customer ID.,Salon/admin/advertising analytics and finance,Complete but weak,Real implementation; handoff quality/provider gaps remain.,52af829ae8934a6607c32e1372c55d9f846d2d1b; booking/finance/analytics components; overview/finance tests,booking/finance/analytics components,analytics/overview routes,bookings; finance; campaign tables,Dashboard queries,no full attribution job,overview/finance tests,Touchpoints/UTM/confidence/reports,Reporting/privacy,Data/Founder,ad platforms,Define attribution model,Phase C/D,High,Search + schema
WS15-015,"Workstream 15 — Attribution, booking value, and salon performance reporting",Salon ID.,Salon/admin/advertising analytics and finance,Complete but weak,Real implementation; handoff quality/provider gaps remain.,52af829ae8934a6607c32e1372c55d9f846d2d1b; booking/finance/analytics components; overview/finance tests,booking/finance/analytics components,analytics/overview routes,bookings; finance; campaign tables,Dashboard queries,no full attribution job,overview/finance tests,Touchpoints/UTM/confidence/reports,Reporting/privacy,Data/Founder,ad platforms,Define attribution model,Phase C/D,High,Search + schema
WS15-016,"Workstream 15 — Attribution, booking value, and salon performance reporting",Stylist ID.,Salon/admin/advertising analytics and finance,Complete but weak,Real implementation; handoff quality/provider gaps remain.,52af829ae8934a6607c32e1372c55d9f846d2d1b; booking/finance/analytics components; overview/finance tests,booking/finance/analytics components,analytics/overview routes,bookings; finance; campaign tables,Dashboard queries,no full attribution job,overview/finance tests,Touchpoints/UTM/confidence/reports,Reporting/privacy,Data/Founder,ad platforms,Define attribution model,Phase C/D,High,Search + schema
WS15-017,"Workstream 15 — Attribution, booking value, and salon performance reporting",Service ID.,Salon/admin/advertising analytics and finance,Complete but weak,Real implementation; handoff quality/provider gaps remain.,52af829ae8934a6607c32e1372c55d9f846d2d1b; booking/finance/analytics components; overview/finance tests,booking/finance/analytics components,analytics/overview routes,bookings; finance; campaign tables,Dashboard queries,no full attribution job,overview/finance tests,Touchpoints/UTM/confidence/reports,Reporting/privacy,Data/Founder,ad platforms,Define attribution model,Phase C/D,High,Search + schema
WS15-018,"Workstream 15 — Attribution, booking value, and salon performance reporting",Listed service price.,Salon/admin/advertising analytics and finance,Complete but weak,Real implementation; handoff quality/provider gaps remain.,52af829ae8934a6607c32e1372c55d9f846d2d1b; booking/finance/analytics components; overview/finance tests,booking/finance/analytics components,analytics/overview routes,bookings; finance; campaign tables,Dashboard queries,no full attribution job,overview/finance tests,Touchpoints/UTM/confidence/reports,Reporting/privacy,Data/Founder,ad platforms,Define attribution model,Phase C/D,High,Search + schema
WS15-019,"Workstream 15 — Attribution, booking value, and salon performance reporting",Deposit amount.,Salon/admin/advertising analytics and finance,Complete but weak,Real implementation; handoff quality/provider gaps remain.,52af829ae8934a6607c32e1372c55d9f846d2d1b; booking/finance/analytics components; overview/finance tests,booking/finance/analytics components,analytics/overview routes,bookings; finance; campaign tables,Dashboard queries,no full attribution job,overview/finance tests,Touchpoints/UTM/confidence/reports,Reporting/privacy,Data/Founder,ad platforms,Define attribution model,Phase C/D,High,Search + schema
WS15-020,"Workstream 15 — Attribution, booking value, and salon performance reporting",Appointment date.,Salon/admin/advertising analytics and finance,Complete but weak,Real implementation; handoff quality/provider gaps remain.,52af829ae8934a6607c32e1372c55d9f846d2d1b; booking/finance/analytics components; overview/finance tests,booking/finance/analytics components,analytics/overview routes,bookings; finance; campaign tables,Dashboard queries,no full attribution job,overview/finance tests,Touchpoints/UTM/confidence/reports,Reporting/privacy,Data/Founder,ad platforms,Define attribution model,Phase C/D,High,Search + schema
WS15-021,"Workstream 15 — Attribution, booking value, and salon performance reporting",Completion status.,Salon/admin/advertising analytics and finance,Complete but weak,Real implementation; handoff quality/provider gaps remain.,52af829ae8934a6607c32e1372c55d9f846d2d1b; booking/finance/analytics components; overview/finance tests,booking/finance/analytics components,analytics/overview routes,bookings; finance; campaign tables,Dashboard queries,no full attribution job,overview/finance tests,Touchpoints/UTM/confidence/reports,Reporting/privacy,Data/Founder,ad platforms,Define attribution model,Phase C/D,High,Search + schema
WS15-022,"Workstream 15 — Attribution, booking value, and salon performance reporting",Cancellation reason.,Salon/admin/advertising analytics and finance,Complete but weak,Real implementation; handoff quality/provider gaps remain.,52af829ae8934a6607c32e1372c55d9f846d2d1b; booking/finance/analytics components; overview/finance tests,booking/finance/analytics components,analytics/overview routes,bookings; finance; campaign tables,Dashboard queries,no full attribution job,overview/finance tests,Touchpoints/UTM/confidence/reports,Reporting/privacy,Data/Founder,ad platforms,Define attribution model,Phase C/D,High,Search + schema
WS15-023,"Workstream 15 — Attribution, booking value, and salon performance reporting",Refund.,Salon/admin/advertising analytics and finance,Complete but weak,Real implementation; handoff quality/provider gaps remain.,52af829ae8934a6607c32e1372c55d9f846d2d1b; booking/finance/analytics components; overview/finance tests,booking/finance/analytics components,analytics/overview routes,bookings; finance; campaign tables,Dashboard queries,no full attribution job,overview/finance tests,Touchpoints/UTM/confidence/reports,Reporting/privacy,Data/Founder,ad platforms,Define attribution model,Phase C/D,High,Search + schema
WS15-024,"Workstream 15 — Attribution, booking value, and salon performance reporting",First-touch source.,Salon/admin/advertising analytics and finance,Missing,No meaningful implementation found.,52af829ae8934a6607c32e1372c55d9f846d2d1b; booking/finance/analytics components; overview/finance tests,booking/finance/analytics components,analytics/overview routes,bookings; finance; campaign tables,Dashboard queries,no full attribution job,overview/finance tests,Touchpoints/UTM/confidence/reports,Reporting/privacy,Data/Founder,ad platforms,Define attribution model,Phase C/D,High,Search + schema
WS15-025,"Workstream 15 — Attribution, booking value, and salon performance reporting",Last non-direct source.,Salon/admin/advertising analytics and finance,Missing,No meaningful implementation found.,52af829ae8934a6607c32e1372c55d9f846d2d1b; booking/finance/analytics components; overview/finance tests,booking/finance/analytics components,analytics/overview routes,bookings; finance; campaign tables,Dashboard queries,no full attribution job,overview/finance tests,Touchpoints/UTM/confidence/reports,Reporting/privacy,Data/Founder,ad platforms,Define attribution model,Phase C/D,High,Search + schema
WS15-026,"Workstream 15 — Attribution, booking value, and salon performance reporting",Campaign.,Salon/admin/advertising analytics and finance,Partially implemented,Some layers exist; workflow not end-to-end.,52af829ae8934a6607c32e1372c55d9f846d2d1b; booking/finance/analytics components; overview/finance tests,booking/finance/analytics components,analytics/overview routes,bookings; finance; campaign tables,Dashboard queries,no full attribution job,overview/finance tests,Touchpoints/UTM/confidence/reports,Reporting/privacy,Data/Founder,ad platforms,Define attribution model,Phase C/D,High,Search + schema
WS15-027,"Workstream 15 — Attribution, booking value, and salon performance reporting",Creative.,Salon/admin/advertising analytics and finance,Partially implemented,Some layers exist; workflow not end-to-end.,52af829ae8934a6607c32e1372c55d9f846d2d1b; booking/finance/analytics components; overview/finance tests,booking/finance/analytics components,analytics/overview routes,bookings; finance; campaign tables,Dashboard queries,no full attribution job,overview/finance tests,Touchpoints/UTM/confidence/reports,Reporting/privacy,Data/Founder,ad platforms,Define attribution model,Phase C/D,High,Search + schema
WS15-028,"Workstream 15 — Attribution, booking value, and salon performance reporting",Referral.,Salon/admin/advertising analytics and finance,Missing,No meaningful implementation found.,52af829ae8934a6607c32e1372c55d9f846d2d1b; booking/finance/analytics components; overview/finance tests,booking/finance/analytics components,analytics/overview routes,bookings; finance; campaign tables,Dashboard queries,no full attribution job,overview/finance tests,Touchpoints/UTM/confidence/reports,Reporting/privacy,Data/Founder,ad platforms,Define attribution model,Phase C/D,High,Search + schema
WS15-029,"Workstream 15 — Attribution, booking value, and salon performance reporting",UTM information.,Salon/admin/advertising analytics and finance,Missing,No meaningful implementation found.,52af829ae8934a6607c32e1372c55d9f846d2d1b; booking/finance/analytics components; overview/finance tests,booking/finance/analytics components,analytics/overview routes,bookings; finance; campaign tables,Dashboard queries,no full attribution job,overview/finance tests,Touchpoints/UTM/confidence/reports,Reporting/privacy,Data/Founder,ad platforms,Define attribution model,Phase C/D,High,Search + schema
WS15-030,"Workstream 15 — Attribution, booking value, and salon performance reporting",Relevant advertising click identifiers where available.,Salon/admin/advertising analytics and finance,Partially implemented,Some layers exist; workflow not end-to-end.,52af829ae8934a6607c32e1372c55d9f846d2d1b; booking/finance/analytics components; overview/finance tests,booking/finance/analytics components,analytics/overview routes,bookings; finance; campaign tables,Dashboard queries,no full attribution job,overview/finance tests,Touchpoints/UTM/confidence/reports,Reporting/privacy,Data/Founder,ad platforms,Define attribution model,Phase C/D,High,Search + schema
WS15-031,"Workstream 15 — Attribution, booking value, and salon performance reporting",Booked value.,Salon/admin/advertising analytics and finance,Complete but weak,Real implementation; handoff quality/provider gaps remain.,52af829ae8934a6607c32e1372c55d9f846d2d1b; booking/finance/analytics components; overview/finance tests,booking/finance/analytics components,analytics/overview routes,bookings; finance; campaign tables,Dashboard queries,no full attribution job,overview/finance tests,Touchpoints/UTM/confidence/reports,Reporting/privacy,Data/Founder,ad platforms,Define attribution model,Phase C/D,High,Search + schema
WS15-032,"Workstream 15 — Attribution, booking value, and salon performance reporting",Verified final value.,Salon/admin/advertising analytics and finance,Partially implemented,Some layers exist; workflow not end-to-end.,52af829ae8934a6607c32e1372c55d9f846d2d1b; booking/finance/analytics components; overview/finance tests,booking/finance/analytics components,analytics/overview routes,bookings; finance; campaign tables,Dashboard queries,no full attribution job,overview/finance tests,Touchpoints/UTM/confidence/reports,Reporting/privacy,Data/Founder,ad platforms,Define attribution model,Phase C/D,High,Search + schema
WS15-033,"Workstream 15 — Attribution, booking value, and salon performance reporting",Payment method for remaining balance.,Salon/admin/advertising analytics and finance,Complete but weak,Real implementation; handoff quality/provider gaps remain.,52af829ae8934a6607c32e1372c55d9f846d2d1b; booking/finance/analytics components; overview/finance tests,booking/finance/analytics components,analytics/overview routes,bookings; finance; campaign tables,Dashboard queries,no full attribution job,overview/finance tests,Touchpoints/UTM/confidence/reports,Reporting/privacy,Data/Founder,ad platforms,Define attribution model,Phase C/D,High,Search + schema
WS15-034,"Workstream 15 — Attribution, booking value, and salon performance reporting",Event-tracking plan.,Salon/admin/advertising analytics and finance,Partially implemented,Some layers exist; workflow not end-to-end.,52af829ae8934a6607c32e1372c55d9f846d2d1b; booking/finance/analytics components; overview/finance tests,booking/finance/analytics components,analytics/overview routes,bookings; finance; campaign tables,Dashboard queries,no full attribution job,overview/finance tests,Touchpoints/UTM/confidence/reports,Reporting/privacy,Data/Founder,ad platforms,Define attribution model,Phase C/D,High,Search + schema
WS15-035,"Workstream 15 — Attribution, booking value, and salon performance reporting",Campaign-parameter capture.,Salon/admin/advertising analytics and finance,Missing,No meaningful implementation found.,52af829ae8934a6607c32e1372c55d9f846d2d1b; booking/finance/analytics components; overview/finance tests,booking/finance/analytics components,analytics/overview routes,bookings; finance; campaign tables,Dashboard queries,no full attribution job,overview/finance tests,Touchpoints/UTM/confidence/reports,Reporting/privacy,Data/Founder,ad platforms,Define attribution model,Phase C/D,High,Search + schema
WS15-036,"Workstream 15 — Attribution, booking value, and salon performance reporting",First-touch attribution.,Salon/admin/advertising analytics and finance,Missing,No meaningful implementation found.,52af829ae8934a6607c32e1372c55d9f846d2d1b; booking/finance/analytics components; overview/finance tests,booking/finance/analytics components,analytics/overview routes,bookings; finance; campaign tables,Dashboard queries,no full attribution job,overview/finance tests,Touchpoints/UTM/confidence/reports,Reporting/privacy,Data/Founder,ad platforms,Define attribution model,Phase C/D,High,Search + schema
WS15-037,"Workstream 15 — Attribution, booking value, and salon performance reporting",Last non-direct attribution.,Salon/admin/advertising analytics and finance,Missing,No meaningful implementation found.,52af829ae8934a6607c32e1372c55d9f846d2d1b; booking/finance/analytics components; overview/finance tests,booking/finance/analytics components,analytics/overview routes,bookings; finance; campaign tables,Dashboard queries,no full attribution job,overview/finance tests,Touchpoints/UTM/confidence/reports,Reporting/privacy,Data/Founder,ad platforms,Define attribution model,Phase C/D,High,Search + schema
WS15-038,"Workstream 15 — Attribution, booking value, and salon performance reporting",Direct/unknown handling.,Salon/admin/advertising analytics and finance,Partially implemented,Some layers exist; workflow not end-to-end.,52af829ae8934a6607c32e1372c55d9f846d2d1b; booking/finance/analytics components; overview/finance tests,booking/finance/analytics components,analytics/overview routes,bookings; finance; campaign tables,Dashboard queries,no full attribution job,overview/finance tests,Touchpoints/UTM/confidence/reports,Reporting/privacy,Data/Founder,ad platforms,Define attribution model,Phase C/D,High,Search + schema
WS15-039,"Workstream 15 — Attribution, booking value, and salon performance reporting",Creator/referral codes.,Salon/admin/advertising analytics and finance,Missing,No meaningful implementation found.,52af829ae8934a6607c32e1372c55d9f846d2d1b; booking/finance/analytics components; overview/finance tests,booking/finance/analytics components,analytics/overview routes,bookings; finance; campaign tables,Dashboard queries,no full attribution job,overview/finance tests,Touchpoints/UTM/confidence/reports,Reporting/privacy,Data/Founder,ad platforms,Define attribution model,Phase C/D,High,Search + schema
WS15-040,"Workstream 15 — Attribution, booking value, and salon performance reporting",Salon-owned link identification.,Salon/admin/advertising analytics and finance,Missing,No meaningful implementation found.,52af829ae8934a6607c32e1372c55d9f846d2d1b; booking/finance/analytics components; overview/finance tests,booking/finance/analytics components,analytics/overview routes,bookings; finance; campaign tables,Dashboard queries,no full attribution job,overview/finance tests,Touchpoints/UTM/confidence/reports,Reporting/privacy,Data/Founder,ad platforms,Define attribution model,Phase C/D,High,Search + schema
WS15-041,"Workstream 15 — Attribution, booking value, and salon performance reporting",QR identification.,Salon/admin/advertising analytics and finance,Missing,No meaningful implementation found.,52af829ae8934a6607c32e1372c55d9f846d2d1b; booking/finance/analytics components; overview/finance tests,booking/finance/analytics components,analytics/overview routes,bookings; finance; campaign tables,Dashboard queries,no full attribution job,overview/finance tests,Touchpoints/UTM/confidence/reports,Reporting/privacy,Data/Founder,ad platforms,Define attribution model,Phase C/D,High,Search + schema
WS15-042,"Workstream 15 — Attribution, booking value, and salon performance reporting",Completion-confirmation flow.,Salon/admin/advertising analytics and finance,Partially implemented,Some layers exist; workflow not end-to-end.,52af829ae8934a6607c32e1372c55d9f846d2d1b; booking/finance/analytics components; overview/finance tests,booking/finance/analytics components,analytics/overview routes,bookings; finance; campaign tables,Dashboard queries,no full attribution job,overview/finance tests,Touchpoints/UTM/confidence/reports,Reporting/privacy,Data/Founder,ad platforms,Define attribution model,Phase C/D,High,Search + schema
WS15-043,"Workstream 15 — Attribution, booking value, and salon performance reporting",Final-value confirmation.,Salon/admin/advertising analytics and finance,Partially implemented,Some layers exist; workflow not end-to-end.,52af829ae8934a6607c32e1372c55d9f846d2d1b; booking/finance/analytics components; overview/finance tests,booking/finance/analytics components,analytics/overview routes,bookings; finance; campaign tables,Dashboard queries,no full attribution job,overview/finance tests,Touchpoints/UTM/confidence/reports,Reporting/privacy,Data/Founder,ad platforms,Define attribution model,Phase C/D,High,Search + schema
WS15-044,"Workstream 15 — Attribution, booking value, and salon performance reporting",Customer confirmation where appropriate.,Salon/admin/advertising analytics and finance,Partially implemented,Some layers exist; workflow not end-to-end.,52af829ae8934a6607c32e1372c55d9f846d2d1b; booking/finance/analytics components; overview/finance tests,booking/finance/analytics components,analytics/overview routes,bookings; finance; campaign tables,Dashboard queries,no full attribution job,overview/finance tests,Touchpoints/UTM/confidence/reports,Reporting/privacy,Data/Founder,ad platforms,Define attribution model,Phase C/D,High,Search + schema
WS15-045,"Workstream 15 — Attribution, booking value, and salon performance reporting",Salon dashboard.,Salon/admin/advertising analytics and finance,Partially implemented,Some layers exist; workflow not end-to-end.,52af829ae8934a6607c32e1372c55d9f846d2d1b; booking/finance/analytics components; overview/finance tests,booking/finance/analytics components,analytics/overview routes,bookings; finance; campaign tables,Dashboard queries,no full attribution job,overview/finance tests,Touchpoints/UTM/confidence/reports,Reporting/privacy,Data/Founder,ad platforms,Define attribution model,Phase C/D,High,Search + schema
WS15-046,"Workstream 15 — Attribution, booking value, and salon performance reporting",Admin dashboard.,Salon/admin/advertising analytics and finance,Partially implemented,Some layers exist; workflow not end-to-end.,52af829ae8934a6607c32e1372c55d9f846d2d1b; booking/finance/analytics components; overview/finance tests,booking/finance/analytics components,analytics/overview routes,bookings; finance; campaign tables,Dashboard queries,no full attribution job,overview/finance tests,Touchpoints/UTM/confidence/reports,Reporting/privacy,Data/Founder,ad platforms,Define attribution model,Phase C/D,High,Search + schema
WS15-047,"Workstream 15 — Attribution, booking value, and salon performance reporting",Advertising dashboard.,Salon/admin/advertising analytics and finance,Partially implemented,Some layers exist; workflow not end-to-end.,52af829ae8934a6607c32e1372c55d9f846d2d1b; booking/finance/analytics components; overview/finance tests,booking/finance/analytics components,analytics/overview routes,bookings; finance; campaign tables,Dashboard queries,no full attribution job,overview/finance tests,Touchpoints/UTM/confidence/reports,Reporting/privacy,Data/Founder,ad platforms,Define attribution model,Phase C/D,High,Search + schema
WS15-048,"Workstream 15 — Attribution, booking value, and salon performance reporting",Monthly reports.,Salon/admin/advertising analytics and finance,Missing,No meaningful implementation found.,52af829ae8934a6607c32e1372c55d9f846d2d1b; booking/finance/analytics components; overview/finance tests,booking/finance/analytics components,analytics/overview routes,bookings; finance; campaign tables,Dashboard queries,no full attribution job,overview/finance tests,Touchpoints/UTM/confidence/reports,Reporting/privacy,Data/Founder,ad platforms,Define attribution model,Phase C/D,High,Search + schema
WS15-049,"Workstream 15 — Attribution, booking value, and salon performance reporting",CSV/PDF/JSON exports.,Salon/admin/advertising analytics and finance,Missing,No meaningful implementation found.,52af829ae8934a6607c32e1372c55d9f846d2d1b; booking/finance/analytics components; overview/finance tests,booking/finance/analytics components,analytics/overview routes,bookings; finance; campaign tables,Dashboard queries,no full attribution job,overview/finance tests,Touchpoints/UTM/confidence/reports,Reporting/privacy,Data/Founder,ad platforms,Define attribution model,Phase C/D,High,Search + schema
WS15-050,"Workstream 15 — Attribution, booking value, and salon performance reporting",Data-quality warnings.,Salon/admin/advertising analytics and finance,Missing,No meaningful implementation found.,52af829ae8934a6607c32e1372c55d9f846d2d1b; booking/finance/analytics components; overview/finance tests,booking/finance/analytics components,analytics/overview routes,bookings; finance; campaign tables,Dashboard queries,no full attribution job,overview/finance tests,Touchpoints/UTM/confidence/reports,Reporting/privacy,Data/Founder,ad platforms,Define attribution model,Phase C/D,High,Search + schema
WS15-051,"Workstream 15 — Attribution, booking value, and salon performance reporting",Attribution-confidence labels.,Salon/admin/advertising analytics and finance,Missing,No meaningful implementation found.,52af829ae8934a6607c32e1372c55d9f846d2d1b; booking/finance/analytics components; overview/finance tests,booking/finance/analytics components,analytics/overview routes,bookings; finance; campaign tables,Dashboard queries,no full attribution job,overview/finance tests,Touchpoints/UTM/confidence/reports,Reporting/privacy,Data/Founder,ad platforms,Define attribution model,Phase C/D,High,Search + schema
WS15-052,"Workstream 15 — Attribution, booking value, and salon performance reporting",Privacy and consent controls.,Salon/admin/advertising analytics and finance,Partially implemented,Some layers exist; workflow not end-to-end.,52af829ae8934a6607c32e1372c55d9f846d2d1b; booking/finance/analytics components; overview/finance tests,booking/finance/analytics components,analytics/overview routes,bookings; finance; campaign tables,Dashboard queries,no full attribution job,overview/finance tests,Touchpoints/UTM/confidence/reports,Reporting/privacy,Data/Founder,ad platforms,Define attribution model,Phase C/D,High,Search + schema
WS16-001,"Workstream 16 — Error monitoring, operations queues, and administrative tooling",Error and incident records: Incident ID.; Fingerprint.; Title.; Description.; Severity.; Environment.; Release.; First occurrence.; Most recent occurrence.; Occurrence count.; Affected users.; Affected salon.; Related booking.; Related payment.; Route.; API endpoint.; Browser/device information.; Stack trace.; Logs.; Correlation ID.; Assigned owner.; Status.; Resolution.; Regression status.,"Platform Admin operations, engineering support and incident response",Missing,No meaningful implementation found.,52af829ae8934a6607c32e1372c55d9f846d2d1b; engine errors route; monitoring libs; monitoring/release tests,engine errors route; monitoring libs,/admin/engine; /api/admin/engine/errors,platform_error_*; record events,Monitoring/export,124 routes + 3 functions,monitoring/release tests,Filters/bundles/replay/domain queues,Operational/privacy,Operations,provider logs,Add recovery controls,Phase A,High,Route/schema/CI
WS16-002,"Workstream 16 — Error monitoring, operations queues, and administrative tooling",Queue capabilities: Search.; Filter.; Sort.; Assign.; Bulk assign.; Change priority.; Add notes.; Link duplicate incidents.; Mark resolved.; Reopen.; Link code fix or release.; Export filtered results.; Download incident bundle.; Reprocess failed jobs.; Replay eligible webhooks.; Record every administrative action.,"Platform Admin operations, engineering support and incident response",Missing,No meaningful implementation found.,52af829ae8934a6607c32e1372c55d9f846d2d1b; engine errors route; monitoring libs; monitoring/release tests,engine errors route; monitoring libs,/admin/engine; /api/admin/engine/errors,platform_error_*; record events,Monitoring/export,124 routes + 3 functions,monitoring/release tests,Filters/bundles/replay/domain queues,Operational/privacy,Operations,provider logs,Add recovery controls,Phase A,High,Route/schema/CI
WS16-003,"Workstream 16 — Error monitoring, operations queues, and administrative tooling",Additional operational dashboards: Failed payments.; Refund failures.; Webhook failures.; Notification failures.; Chat-delivery failures.; Translation gaps.; Advertising-scheduler failures.; Search-index failures.; Google-link setup failures.; Incomplete onboarding.; Policy-acceptance anomalies.; Suspicious review activity.; Data-sync failures.,"Platform Admin operations, engineering support and incident response",Missing,No meaningful implementation found.,52af829ae8934a6607c32e1372c55d9f846d2d1b; engine errors route; monitoring libs; monitoring/release tests,engine errors route; monitoring libs,/admin/engine; /api/admin/engine/errors,platform_error_*; record events,Monitoring/export,124 routes + 3 functions,monitoring/release tests,Filters/bundles/replay/domain queues,Operational/privacy,Operations,provider logs,Add recovery controls,Phase A,Medium,Route/schema/CI
WS16-004,"Workstream 16 — Error monitoring, operations queues, and administrative tooling",Privacy: Redact card data.; Restrict personal information.; Respect staff permissions.; Record who exported information.; Support safe sharing with Codex.,"Platform Admin operations, engineering support and incident response",Complete but weak,Real implementation; handoff quality/provider gaps remain.,52af829ae8934a6607c32e1372c55d9f846d2d1b; engine errors route; monitoring libs; monitoring/release tests,engine errors route; monitoring libs,/admin/engine; /api/admin/engine/errors,platform_error_*; record events,Monitoring/export,124 routes + 3 functions,monitoring/release tests,Filters/bundles/replay/domain queues,Operational/privacy,Operations,provider logs,Add recovery controls,Phase A,High,Route/schema/CI
WS17-001,Workstream 17 — Product commerce,Seller product listing.,"Customers, salon sellers, orders, tax, fulfillment, refunds and support",Complete but weak,Real implementation; handoff quality/provider gaps remain.,52af829ae8934a6607c32e1372c55d9f846d2d1b; commerceCheckoutServer; commerce routes/migrations; commerce tests,commerceCheckoutServer; commerce routes/migrations,/products; /api/product-orders; /api/stripe/commerce*,products; inventory; orders; refunds,Stripe Checkout/Tax,pickup cleanup,commerce tests,MOR/tax/shipping/returns/support,Tax/legal/financial,Tax/Legal/Founder,Stripe/carriers,Keep disabled; decide architecture,Phase F,High,Code/schema/handoff
WS17-002,Workstream 17 — Product commerce,Variants.,"Customers, salon sellers, orders, tax, fulfillment, refunds and support",Complete but weak,Real implementation; handoff quality/provider gaps remain.,52af829ae8934a6607c32e1372c55d9f846d2d1b; commerceCheckoutServer; commerce routes/migrations; commerce tests,commerceCheckoutServer; commerce routes/migrations,/products; /api/product-orders; /api/stripe/commerce*,products; inventory; orders; refunds,Stripe Checkout/Tax,pickup cleanup,commerce tests,MOR/tax/shipping/returns/support,Tax/legal/financial,Tax/Legal/Founder,Stripe/carriers,Keep disabled; decide architecture,Phase F,High,Code/schema/handoff
WS17-003,Workstream 17 — Product commerce,Inventory.,"Customers, salon sellers, orders, tax, fulfillment, refunds and support",Complete but weak,Real implementation; handoff quality/provider gaps remain.,52af829ae8934a6607c32e1372c55d9f846d2d1b; commerceCheckoutServer; commerce routes/migrations; commerce tests,commerceCheckoutServer; commerce routes/migrations,/products; /api/product-orders; /api/stripe/commerce*,products; inventory; orders; refunds,Stripe Checkout/Tax,pickup cleanup,commerce tests,MOR/tax/shipping/returns/support,Tax/legal/financial,Tax/Legal/Founder,Stripe/carriers,Keep disabled; decide architecture,Phase F,High,Code/schema/handoff
WS17-004,Workstream 17 — Product commerce,Product photographs.,"Customers, salon sellers, orders, tax, fulfillment, refunds and support",Complete but weak,Real implementation; handoff quality/provider gaps remain.,52af829ae8934a6607c32e1372c55d9f846d2d1b; commerceCheckoutServer; commerce routes/migrations; commerce tests,commerceCheckoutServer; commerce routes/migrations,/products; /api/product-orders; /api/stripe/commerce*,products; inventory; orders; refunds,Stripe Checkout/Tax,pickup cleanup,commerce tests,MOR/tax/shipping/returns/support,Tax/legal/financial,Tax/Legal/Founder,Stripe/carriers,Keep disabled; decide architecture,Phase F,High,Code/schema/handoff
WS17-005,Workstream 17 — Product commerce,Price.,"Customers, salon sellers, orders, tax, fulfillment, refunds and support",Complete but weak,Real implementation; handoff quality/provider gaps remain.,52af829ae8934a6607c32e1372c55d9f846d2d1b; commerceCheckoutServer; commerce routes/migrations; commerce tests,commerceCheckoutServer; commerce routes/migrations,/products; /api/product-orders; /api/stripe/commerce*,products; inventory; orders; refunds,Stripe Checkout/Tax,pickup cleanup,commerce tests,MOR/tax/shipping/returns/support,Tax/legal/financial,Tax/Legal/Founder,Stripe/carriers,Keep disabled; decide architecture,Phase F,High,Code/schema/handoff
WS17-006,Workstream 17 — Product commerce,Sales-tax handling.,"Customers, salon sellers, orders, tax, fulfillment, refunds and support",Unsafe,Current behavior conflicts with unresolved high-risk rules.,52af829ae8934a6607c32e1372c55d9f846d2d1b; commerceCheckoutServer; commerce routes/migrations; commerce tests,commerceCheckoutServer; commerce routes/migrations,/products; /api/product-orders; /api/stripe/commerce*,products; inventory; orders; refunds,Stripe Checkout/Tax,pickup cleanup,commerce tests,MOR/tax/shipping/returns/support,Tax/legal/financial,Tax/Legal/Founder,Stripe/carriers,Keep disabled; decide architecture,Phase F,High,Code/schema/handoff
WS17-007,Workstream 17 — Product commerce,Shipping.,"Customers, salon sellers, orders, tax, fulfillment, refunds and support",Unsafe,Current behavior conflicts with unresolved high-risk rules.,52af829ae8934a6607c32e1372c55d9f846d2d1b; commerceCheckoutServer; commerce routes/migrations; commerce tests,commerceCheckoutServer; commerce routes/migrations,/products; /api/product-orders; /api/stripe/commerce*,products; inventory; orders; refunds,Stripe Checkout/Tax,pickup cleanup,commerce tests,MOR/tax/shipping/returns/support,Tax/legal/financial,Tax/Legal/Founder,Stripe/carriers,Keep disabled; decide architecture,Phase F,High,Code/schema/handoff
WS17-008,Workstream 17 — Product commerce,Pickup.,"Customers, salon sellers, orders, tax, fulfillment, refunds and support",Complete but weak,Real implementation; handoff quality/provider gaps remain.,52af829ae8934a6607c32e1372c55d9f846d2d1b; commerceCheckoutServer; commerce routes/migrations; commerce tests,commerceCheckoutServer; commerce routes/migrations,/products; /api/product-orders; /api/stripe/commerce*,products; inventory; orders; refunds,Stripe Checkout/Tax,pickup cleanup,commerce tests,MOR/tax/shipping/returns/support,Tax/legal/financial,Tax/Legal/Founder,Stripe/carriers,Keep disabled; decide architecture,Phase F,High,Code/schema/handoff
WS17-009,Workstream 17 — Product commerce,Order status.,"Customers, salon sellers, orders, tax, fulfillment, refunds and support",Complete but weak,Real implementation; handoff quality/provider gaps remain.,52af829ae8934a6607c32e1372c55d9f846d2d1b; commerceCheckoutServer; commerce routes/migrations; commerce tests,commerceCheckoutServer; commerce routes/migrations,/products; /api/product-orders; /api/stripe/commerce*,products; inventory; orders; refunds,Stripe Checkout/Tax,pickup cleanup,commerce tests,MOR/tax/shipping/returns/support,Tax/legal/financial,Tax/Legal/Founder,Stripe/carriers,Keep disabled; decide architecture,Phase F,High,Code/schema/handoff
WS17-010,Workstream 17 — Product commerce,Customer receipt.,"Customers, salon sellers, orders, tax, fulfillment, refunds and support",Complete but weak,Real implementation; handoff quality/provider gaps remain.,52af829ae8934a6607c32e1372c55d9f846d2d1b; commerceCheckoutServer; commerce routes/migrations; commerce tests,commerceCheckoutServer; commerce routes/migrations,/products; /api/product-orders; /api/stripe/commerce*,products; inventory; orders; refunds,Stripe Checkout/Tax,pickup cleanup,commerce tests,MOR/tax/shipping/returns/support,Tax/legal/financial,Tax/Legal/Founder,Stripe/carriers,Keep disabled; decide architecture,Phase F,High,Code/schema/handoff
WS17-011,Workstream 17 — Product commerce,Seller notification.,"Customers, salon sellers, orders, tax, fulfillment, refunds and support",Complete but weak,Real implementation; handoff quality/provider gaps remain.,52af829ae8934a6607c32e1372c55d9f846d2d1b; commerceCheckoutServer; commerce routes/migrations; commerce tests,commerceCheckoutServer; commerce routes/migrations,/products; /api/product-orders; /api/stripe/commerce*,products; inventory; orders; refunds,Stripe Checkout/Tax,pickup cleanup,commerce tests,MOR/tax/shipping/returns/support,Tax/legal/financial,Tax/Legal/Founder,Stripe/carriers,Keep disabled; decide architecture,Phase F,High,Code/schema/handoff
WS17-012,Workstream 17 — Product commerce,Return policy.,"Customers, salon sellers, orders, tax, fulfillment, refunds and support",Unsafe,Current behavior conflicts with unresolved high-risk rules.,52af829ae8934a6607c32e1372c55d9f846d2d1b; commerceCheckoutServer; commerce routes/migrations; commerce tests,commerceCheckoutServer; commerce routes/migrations,/products; /api/product-orders; /api/stripe/commerce*,products; inventory; orders; refunds,Stripe Checkout/Tax,pickup cleanup,commerce tests,MOR/tax/shipping/returns/support,Tax/legal/financial,Tax/Legal/Founder,Stripe/carriers,Keep disabled; decide architecture,Phase F,High,Code/schema/handoff
WS17-013,Workstream 17 — Product commerce,Refund.,"Customers, salon sellers, orders, tax, fulfillment, refunds and support",Complete but weak,Real implementation; handoff quality/provider gaps remain.,52af829ae8934a6607c32e1372c55d9f846d2d1b; commerceCheckoutServer; commerce routes/migrations; commerce tests,commerceCheckoutServer; commerce routes/migrations,/products; /api/product-orders; /api/stripe/commerce*,products; inventory; orders; refunds,Stripe Checkout/Tax,pickup cleanup,commerce tests,MOR/tax/shipping/returns/support,Tax/legal/financial,Tax/Legal/Founder,Stripe/carriers,Keep disabled; decide architecture,Phase F,High,Code/schema/handoff
WS17-014,Workstream 17 — Product commerce,Chargeback.,"Customers, salon sellers, orders, tax, fulfillment, refunds and support",Unsafe,Current behavior conflicts with unresolved high-risk rules.,52af829ae8934a6607c32e1372c55d9f846d2d1b; commerceCheckoutServer; commerce routes/migrations; commerce tests,commerceCheckoutServer; commerce routes/migrations,/products; /api/product-orders; /api/stripe/commerce*,products; inventory; orders; refunds,Stripe Checkout/Tax,pickup cleanup,commerce tests,MOR/tax/shipping/returns/support,Tax/legal/financial,Tax/Legal/Founder,Stripe/carriers,Keep disabled; decide architecture,Phase F,High,Code/schema/handoff
WS17-015,Workstream 17 — Product commerce,Product restrictions.,"Customers, salon sellers, orders, tax, fulfillment, refunds and support",Unsafe,Current behavior conflicts with unresolved high-risk rules.,52af829ae8934a6607c32e1372c55d9f846d2d1b; commerceCheckoutServer; commerce routes/migrations; commerce tests,commerceCheckoutServer; commerce routes/migrations,/products; /api/product-orders; /api/stripe/commerce*,products; inventory; orders; refunds,Stripe Checkout/Tax,pickup cleanup,commerce tests,MOR/tax/shipping/returns/support,Tax/legal/financial,Tax/Legal/Founder,Stripe/carriers,Keep disabled; decide architecture,Phase F,High,Code/schema/handoff
WS17-016,Workstream 17 — Product commerce,Seller responsibility.,"Customers, salon sellers, orders, tax, fulfillment, refunds and support",Unsafe,Current behavior conflicts with unresolved high-risk rules.,52af829ae8934a6607c32e1372c55d9f846d2d1b; commerceCheckoutServer; commerce routes/migrations; commerce tests,commerceCheckoutServer; commerce routes/migrations,/products; /api/product-orders; /api/stripe/commerce*,products; inventory; orders; refunds,Stripe Checkout/Tax,pickup cleanup,commerce tests,MOR/tax/shipping/returns/support,Tax/legal/financial,Tax/Legal/Founder,Stripe/carriers,Keep disabled; decide architecture,Phase F,High,Code/schema/handoff
WS17-017,Workstream 17 — Product commerce,Platform responsibility.,"Customers, salon sellers, orders, tax, fulfillment, refunds and support",Unsafe,Current behavior conflicts with unresolved high-risk rules.,52af829ae8934a6607c32e1372c55d9f846d2d1b; commerceCheckoutServer; commerce routes/migrations; commerce tests,commerceCheckoutServer; commerce routes/migrations,/products; /api/product-orders; /api/stripe/commerce*,products; inventory; orders; refunds,Stripe Checkout/Tax,pickup cleanup,commerce tests,MOR/tax/shipping/returns/support,Tax/legal/financial,Tax/Legal/Founder,Stripe/carriers,Keep disabled; decide architecture,Phase F,High,Code/schema/handoff
WS17-018,Workstream 17 — Product commerce,Promotion and sponsored placement.,"Customers, salon sellers, orders, tax, fulfillment, refunds and support",Partially implemented,Some layers exist; workflow not end-to-end.,52af829ae8934a6607c32e1372c55d9f846d2d1b; commerceCheckoutServer; commerce routes/migrations; commerce tests,commerceCheckoutServer; commerce routes/migrations,/products; /api/product-orders; /api/stripe/commerce*,products; inventory; orders; refunds,Stripe Checkout/Tax,pickup cleanup,commerce tests,MOR/tax/shipping/returns/support,Tax/legal/financial,Tax/Legal/Founder,Stripe/carriers,Keep disabled; decide architecture,Phase F,High,Code/schema/handoff
WS17-019,Workstream 17 — Product commerce,Order export.,"Customers, salon sellers, orders, tax, fulfillment, refunds and support",Complete but weak,Real implementation; handoff quality/provider gaps remain.,52af829ae8934a6607c32e1372c55d9f846d2d1b; commerceCheckoutServer; commerce routes/migrations; commerce tests,commerceCheckoutServer; commerce routes/migrations,/products; /api/product-orders; /api/stripe/commerce*,products; inventory; orders; refunds,Stripe Checkout/Tax,pickup cleanup,commerce tests,MOR/tax/shipping/returns/support,Tax/legal/financial,Tax/Legal/Founder,Stripe/carriers,Keep disabled; decide architecture,Phase F,High,Code/schema/handoff
WS17-020,Workstream 17 — Product commerce,Who is seller.,"Customers, salon sellers, orders, tax, fulfillment, refunds and support",Unsafe,Current behavior conflicts with unresolved high-risk rules.,52af829ae8934a6607c32e1372c55d9f846d2d1b; commerceCheckoutServer; commerce routes/migrations; commerce tests,commerceCheckoutServer; commerce routes/migrations,/products; /api/product-orders; /api/stripe/commerce*,products; inventory; orders; refunds,Stripe Checkout/Tax,pickup cleanup,commerce tests,MOR/tax/shipping/returns/support,Tax/legal/financial,Tax/Legal/Founder,Stripe/carriers,Keep disabled; decide architecture,Phase F,High,Code/schema/handoff
WS17-021,Workstream 17 — Product commerce,Who is merchant of record.,"Customers, salon sellers, orders, tax, fulfillment, refunds and support",Unsafe,Current behavior conflicts with unresolved high-risk rules.,52af829ae8934a6607c32e1372c55d9f846d2d1b; commerceCheckoutServer; commerce routes/migrations; commerce tests,commerceCheckoutServer; commerce routes/migrations,/products; /api/product-orders; /api/stripe/commerce*,products; inventory; orders; refunds,Stripe Checkout/Tax,pickup cleanup,commerce tests,MOR/tax/shipping/returns/support,Tax/legal/financial,Tax/Legal/Founder,Stripe/carriers,Keep disabled; decide architecture,Phase F,High,Code/schema/handoff
WS17-022,Workstream 17 — Product commerce,Who collects sales tax.,"Customers, salon sellers, orders, tax, fulfillment, refunds and support",Unsafe,Current behavior conflicts with unresolved high-risk rules.,52af829ae8934a6607c32e1372c55d9f846d2d1b; commerceCheckoutServer; commerce routes/migrations; commerce tests,commerceCheckoutServer; commerce routes/migrations,/products; /api/product-orders; /api/stripe/commerce*,products; inventory; orders; refunds,Stripe Checkout/Tax,pickup cleanup,commerce tests,MOR/tax/shipping/returns/support,Tax/legal/financial,Tax/Legal/Founder,Stripe/carriers,Keep disabled; decide architecture,Phase F,High,Code/schema/handoff
WS17-023,Workstream 17 — Product commerce,Which jurisdictions require marketplace collection.,"Customers, salon sellers, orders, tax, fulfillment, refunds and support",Unsafe,Current behavior conflicts with unresolved high-risk rules.,52af829ae8934a6607c32e1372c55d9f846d2d1b; commerceCheckoutServer; commerce routes/migrations; commerce tests,commerceCheckoutServer; commerce routes/migrations,/products; /api/product-orders; /api/stripe/commerce*,products; inventory; orders; refunds,Stripe Checkout/Tax,pickup cleanup,commerce tests,MOR/tax/shipping/returns/support,Tax/legal/financial,Tax/Legal/Founder,Stripe/carriers,Keep disabled; decide architecture,Phase F,High,Code/schema/handoff
WS17-024,Workstream 17 — Product commerce,How funds reach the salon.,"Customers, salon sellers, orders, tax, fulfillment, refunds and support",Partially implemented,Some layers exist; workflow not end-to-end.,52af829ae8934a6607c32e1372c55d9f846d2d1b; commerceCheckoutServer; commerce routes/migrations; commerce tests,commerceCheckoutServer; commerce routes/migrations,/products; /api/product-orders; /api/stripe/commerce*,products; inventory; orders; refunds,Stripe Checkout/Tax,pickup cleanup,commerce tests,MOR/tax/shipping/returns/support,Tax/legal/financial,Tax/Legal/Founder,Stripe/carriers,Keep disabled; decide architecture,Phase F,High,Code/schema/handoff
WS17-025,Workstream 17 — Product commerce,Who funds refunds.,"Customers, salon sellers, orders, tax, fulfillment, refunds and support",Partially implemented,Some layers exist; workflow not end-to-end.,52af829ae8934a6607c32e1372c55d9f846d2d1b; commerceCheckoutServer; commerce routes/migrations; commerce tests,commerceCheckoutServer; commerce routes/migrations,/products; /api/product-orders; /api/stripe/commerce*,products; inventory; orders; refunds,Stripe Checkout/Tax,pickup cleanup,commerce tests,MOR/tax/shipping/returns/support,Tax/legal/financial,Tax/Legal/Founder,Stripe/carriers,Keep disabled; decide architecture,Phase F,High,Code/schema/handoff
WS17-026,Workstream 17 — Product commerce,How shipping and pickup work.,"Customers, salon sellers, orders, tax, fulfillment, refunds and support",Unsafe,Current behavior conflicts with unresolved high-risk rules.,52af829ae8934a6607c32e1372c55d9f846d2d1b; commerceCheckoutServer; commerce routes/migrations; commerce tests,commerceCheckoutServer; commerce routes/migrations,/products; /api/product-orders; /api/stripe/commerce*,products; inventory; orders; refunds,Stripe Checkout/Tax,pickup cleanup,commerce tests,MOR/tax/shipping/returns/support,Tax/legal/financial,Tax/Legal/Founder,Stripe/carriers,Keep disabled; decide architecture,Phase F,High,Code/schema/handoff
WS17-027,Workstream 17 — Product commerce,Whether Girlz Culture charges product commission.,"Customers, salon sellers, orders, tax, fulfillment, refunds and support",Unsafe,Current behavior conflicts with unresolved high-risk rules.,52af829ae8934a6607c32e1372c55d9f846d2d1b; commerceCheckoutServer; commerce routes/migrations; commerce tests,commerceCheckoutServer; commerce routes/migrations,/products; /api/product-orders; /api/stripe/commerce*,products; inventory; orders; refunds,Stripe Checkout/Tax,pickup cleanup,commerce tests,MOR/tax/shipping/returns/support,Tax/legal/financial,Tax/Legal/Founder,Stripe/carriers,Keep disabled; decide architecture,Phase F,High,Code/schema/handoff
WS17-028,Workstream 17 — Product commerce,What processing fees are disclosed.,"Customers, salon sellers, orders, tax, fulfillment, refunds and support",Unsafe,Current behavior conflicts with unresolved high-risk rules.,52af829ae8934a6607c32e1372c55d9f846d2d1b; commerceCheckoutServer; commerce routes/migrations; commerce tests,commerceCheckoutServer; commerce routes/migrations,/products; /api/product-orders; /api/stripe/commerce*,products; inventory; orders; refunds,Stripe Checkout/Tax,pickup cleanup,commerce tests,MOR/tax/shipping/returns/support,Tax/legal/financial,Tax/Legal/Founder,Stripe/carriers,Keep disabled; decide architecture,Phase F,High,Code/schema/handoff
WS17-029,Workstream 17 — Product commerce,What product categories are prohibited.,"Customers, salon sellers, orders, tax, fulfillment, refunds and support",Unsafe,Current behavior conflicts with unresolved high-risk rules.,52af829ae8934a6607c32e1372c55d9f846d2d1b; commerceCheckoutServer; commerce routes/migrations; commerce tests,commerceCheckoutServer; commerce routes/migrations,/products; /api/product-orders; /api/stripe/commerce*,products; inventory; orders; refunds,Stripe Checkout/Tax,pickup cleanup,commerce tests,MOR/tax/shipping/returns/support,Tax/legal/financial,Tax/Legal/Founder,Stripe/carriers,Keep disabled; decide architecture,Phase F,High,Code/schema/handoff
WS18-001,"Workstream 18 — Launch cohort, demand sprint, and scaling gates",Recruit approximately 15–20 launch-ready salons.,"Founder, Salon Operations, Marketing and launch cohort",Missing,No meaningful implementation found.,52af829ae8934a6607c32e1372c55d9f846d2d1b; onboarding/overview components; onboarding/overview tests,onboarding/overview components,/admin/overview; /salon/onboarding,salons; applications; bookings,Readiness queries,none,onboarding/overview tests,Cohort/waitlist/demand dashboards,Operational,Founder/Ops,Real data,Build after trust core,Phase C,High,Repo searches
WS18-002,"Workstream 18 — Launch cohort, demand sprint, and scaling gates","Complete their profiles, services, payment setup, policies, and testing.","Founder, Salon Operations, Marketing and launch cohort",Partially implemented,Some layers exist; workflow not end-to-end.,52af829ae8934a6607c32e1372c55d9f846d2d1b; onboarding/overview components; onboarding/overview tests,onboarding/overview components,/admin/overview; /salon/onboarding,salons; applications; bookings,Readiness queries,none,onboarding/overview tests,Cohort/waitlist/demand dashboards,Operational,Founder/Ops,Real data,Build after trust core,Phase C,High,Repo searches
WS18-003,"Workstream 18 — Launch cohort, demand sprint, and scaling gates",Pause broad recruitment.,"Founder, Salon Operations, Marketing and launch cohort",Missing,No meaningful implementation found.,52af829ae8934a6607c32e1372c55d9f846d2d1b; onboarding/overview components; onboarding/overview tests,onboarding/overview components,/admin/overview; /salon/onboarding,salons; applications; bookings,Readiness queries,none,onboarding/overview tests,Cohort/waitlist/demand dashboards,Operational,Founder/Ops,Real data,Build after trust core,Phase C,High,Repo searches
WS18-004,"Workstream 18 — Launch cohort, demand sprint, and scaling gates",Open a waitlist.,"Founder, Salon Operations, Marketing and launch cohort",Missing,No meaningful implementation found.,52af829ae8934a6607c32e1372c55d9f846d2d1b; onboarding/overview components; onboarding/overview tests,onboarding/overview components,/admin/overview; /salon/onboarding,salons; applications; bookings,Readiness queries,none,onboarding/overview tests,Cohort/waitlist/demand dashboards,Operational,Founder/Ops,Real data,Build after trust core,Phase C,High,Repo searches
WS18-005,"Workstream 18 — Launch cohort, demand sprint, and scaling gates",Begin customer marketing.,"Founder, Salon Operations, Marketing and launch cohort",Missing,No meaningful implementation found.,52af829ae8934a6607c32e1372c55d9f846d2d1b; onboarding/overview components; onboarding/overview tests,onboarding/overview components,/admin/overview; /salon/onboarding,salons; applications; bookings,Readiness queries,none,onboarding/overview tests,Cohort/waitlist/demand dashboards,Operational,Founder/Ops,Real data,Build after trust core,Phase C,High,Repo searches
WS18-006,"Workstream 18 — Launch cohort, demand sprint, and scaling gates",Observe real customer behavior.,"Founder, Salon Operations, Marketing and launch cohort",Missing,No meaningful implementation found.,52af829ae8934a6607c32e1372c55d9f846d2d1b; onboarding/overview components; onboarding/overview tests,onboarding/overview components,/admin/overview; /salon/onboarding,salons; applications; bookings,Readiness queries,none,onboarding/overview tests,Cohort/waitlist/demand dashboards,Operational,Founder/Ops,Real data,Build after trust core,Phase C,Medium,Repo searches
WS18-007,"Workstream 18 — Launch cohort, demand sprint, and scaling gates",Improve the product.,"Founder, Salon Operations, Marketing and launch cohort",Missing,No meaningful implementation found.,52af829ae8934a6607c32e1372c55d9f846d2d1b; onboarding/overview components; onboarding/overview tests,onboarding/overview components,/admin/overview; /salon/onboarding,salons; applications; bookings,Readiness queries,none,onboarding/overview tests,Cohort/waitlist/demand dashboards,Operational,Founder/Ops,Real data,Build after trust core,Phase C,High,Repo searches
WS18-008,"Workstream 18 — Launch cohort, demand sprint, and scaling gates",Recruit the next cohort only after the first marketplace has meaningful activity.,"Founder, Salon Operations, Marketing and launch cohort",Missing,No meaningful implementation found.,52af829ae8934a6607c32e1372c55d9f846d2d1b; onboarding/overview components; onboarding/overview tests,onboarding/overview components,/admin/overview; /salon/onboarding,salons; applications; bookings,Readiness queries,none,onboarding/overview tests,Cohort/waitlist/demand dashboards,Operational,Founder/Ops,Real data,Build after trust core,Phase C,High,Repo searches
WS18-009,"Workstream 18 — Launch cohort, demand sprint, and scaling gates",Founding-salon tag.,"Founder, Salon Operations, Marketing and launch cohort",Missing,No meaningful implementation found.,52af829ae8934a6607c32e1372c55d9f846d2d1b; onboarding/overview components; onboarding/overview tests,onboarding/overview components,/admin/overview; /salon/onboarding,salons; applications; bookings,Readiness queries,none,onboarding/overview tests,Cohort/waitlist/demand dashboards,Operational,Founder/Ops,Real data,Build after trust core,Phase C,High,Repo searches
WS18-010,"Workstream 18 — Launch cohort, demand sprint, and scaling gates",Cohort management.,"Founder, Salon Operations, Marketing and launch cohort",Missing,No meaningful implementation found.,52af829ae8934a6607c32e1372c55d9f846d2d1b; onboarding/overview components; onboarding/overview tests,onboarding/overview components,/admin/overview; /salon/onboarding,salons; applications; bookings,Readiness queries,none,onboarding/overview tests,Cohort/waitlist/demand dashboards,Operational,Founder/Ops,Real data,Build after trust core,Phase C,High,Repo searches
WS18-011,"Workstream 18 — Launch cohort, demand sprint, and scaling gates",Waitlist.,"Founder, Salon Operations, Marketing and launch cohort",Missing,No meaningful implementation found.,52af829ae8934a6607c32e1372c55d9f846d2d1b; onboarding/overview components; onboarding/overview tests,onboarding/overview components,/admin/overview; /salon/onboarding,salons; applications; bookings,Readiness queries,none,onboarding/overview tests,Cohort/waitlist/demand dashboards,Operational,Founder/Ops,Real data,Build after trust core,Phase C,High,Repo searches
WS18-012,"Workstream 18 — Launch cohort, demand sprint, and scaling gates",Onboarding-readiness dashboard.,"Founder, Salon Operations, Marketing and launch cohort",Partially implemented,Some layers exist; workflow not end-to-end.,52af829ae8934a6607c32e1372c55d9f846d2d1b; onboarding/overview components; onboarding/overview tests,onboarding/overview components,/admin/overview; /salon/onboarding,salons; applications; bookings,Readiness queries,none,onboarding/overview tests,Cohort/waitlist/demand dashboards,Operational,Founder/Ops,Real data,Build after trust core,Phase C,High,Repo searches
WS18-013,"Workstream 18 — Launch cohort, demand sprint, and scaling gates",Launch-readiness checklist.,"Founder, Salon Operations, Marketing and launch cohort",Partially implemented,Some layers exist; workflow not end-to-end.,52af829ae8934a6607c32e1372c55d9f846d2d1b; onboarding/overview components; onboarding/overview tests,onboarding/overview components,/admin/overview; /salon/onboarding,salons; applications; bookings,Readiness queries,none,onboarding/overview tests,Cohort/waitlist/demand dashboards,Operational,Founder/Ops,Real data,Build after trust core,Phase C,High,Repo searches
WS18-014,"Workstream 18 — Launch cohort, demand sprint, and scaling gates",Salon availability coverage.,"Founder, Salon Operations, Marketing and launch cohort",Missing,No meaningful implementation found.,52af829ae8934a6607c32e1372c55d9f846d2d1b; onboarding/overview components; onboarding/overview tests,onboarding/overview components,/admin/overview; /salon/onboarding,salons; applications; bookings,Readiness queries,none,onboarding/overview tests,Cohort/waitlist/demand dashboards,Operational,Founder/Ops,Real data,Build after trust core,Phase C,High,Repo searches
WS18-015,"Workstream 18 — Launch cohort, demand sprint, and scaling gates",Service coverage.,"Founder, Salon Operations, Marketing and launch cohort",Missing,No meaningful implementation found.,52af829ae8934a6607c32e1372c55d9f846d2d1b; onboarding/overview components; onboarding/overview tests,onboarding/overview components,/admin/overview; /salon/onboarding,salons; applications; bookings,Readiness queries,none,onboarding/overview tests,Cohort/waitlist/demand dashboards,Operational,Founder/Ops,Real data,Build after trust core,Phase C,High,Repo searches
WS18-016,"Workstream 18 — Launch cohort, demand sprint, and scaling gates",Neighborhood coverage.,"Founder, Salon Operations, Marketing and launch cohort",Missing,No meaningful implementation found.,52af829ae8934a6607c32e1372c55d9f846d2d1b; onboarding/overview components; onboarding/overview tests,onboarding/overview components,/admin/overview; /salon/onboarding,salons; applications; bookings,Readiness queries,none,onboarding/overview tests,Cohort/waitlist/demand dashboards,Operational,Founder/Ops,Real data,Build after trust core,Phase C,High,Repo searches
WS18-017,"Workstream 18 — Launch cohort, demand sprint, and scaling gates",Booking distribution.,"Founder, Salon Operations, Marketing and launch cohort",Missing,No meaningful implementation found.,52af829ae8934a6607c32e1372c55d9f846d2d1b; onboarding/overview components; onboarding/overview tests,onboarding/overview components,/admin/overview; /salon/onboarding,salons; applications; bookings,Readiness queries,none,onboarding/overview tests,Cohort/waitlist/demand dashboards,Operational,Founder/Ops,Real data,Build after trust core,Phase C,High,Repo searches
WS18-018,"Workstream 18 — Launch cohort, demand sprint, and scaling gates",Salon performance.,"Founder, Salon Operations, Marketing and launch cohort",Missing,No meaningful implementation found.,52af829ae8934a6607c32e1372c55d9f846d2d1b; onboarding/overview components; onboarding/overview tests,onboarding/overview components,/admin/overview; /salon/onboarding,salons; applications; bookings,Readiness queries,none,onboarding/overview tests,Cohort/waitlist/demand dashboards,Operational,Founder/Ops,Real data,Build after trust core,Phase C,High,Repo searches
WS18-019,"Workstream 18 — Launch cohort, demand sprint, and scaling gates",Demand-gap reporting.,"Founder, Salon Operations, Marketing and launch cohort",Missing,No meaningful implementation found.,52af829ae8934a6607c32e1372c55d9f846d2d1b; onboarding/overview components; onboarding/overview tests,onboarding/overview components,/admin/overview; /salon/onboarding,salons; applications; bookings,Readiness queries,none,onboarding/overview tests,Cohort/waitlist/demand dashboards,Operational,Founder/Ops,Real data,Build after trust core,Phase C,High,Repo searches
WS18-020,"Workstream 18 — Launch cohort, demand sprint, and scaling gates",Cohort comparison.,"Founder, Salon Operations, Marketing and launch cohort",Missing,No meaningful implementation found.,52af829ae8934a6607c32e1372c55d9f846d2d1b; onboarding/overview components; onboarding/overview tests,onboarding/overview components,/admin/overview; /salon/onboarding,salons; applications; bookings,Readiness queries,none,onboarding/overview tests,Cohort/waitlist/demand dashboards,Operational,Founder/Ops,Real data,Build after trust core,Phase C,High,Repo searches
WS18-021,"Workstream 18 — Launch cohort, demand sprint, and scaling gates",Recruitment opening/closing controls.,"Founder, Salon Operations, Marketing and launch cohort",Missing,No meaningful implementation found.,52af829ae8934a6607c32e1372c55d9f846d2d1b; onboarding/overview components; onboarding/overview tests,onboarding/overview components,/admin/overview; /salon/onboarding,salons; applications; bookings,Readiness queries,none,onboarding/overview tests,Cohort/waitlist/demand dashboards,Operational,Founder/Ops,Real data,Build after trust core,Phase C,High,Repo searches
WS18-022,"Workstream 18 — Launch cohort, demand sprint, and scaling gates",Internal launch dashboard.,"Founder, Salon Operations, Marketing and launch cohort",Missing,No meaningful implementation found.,52af829ae8934a6607c32e1372c55d9f846d2d1b; onboarding/overview components; onboarding/overview tests,onboarding/overview components,/admin/overview; /salon/onboarding,salons; applications; bookings,Readiness queries,none,onboarding/overview tests,Cohort/waitlist/demand dashboards,Operational,Founder/Ops,Real data,Build after trust core,Phase C,High,Repo searches
WS18-023,"Workstream 18 — Launch cohort, demand sprint, and scaling gates",At least 70% of active launch salons receive a completed booking.,"Founder, Salon Operations, Marketing and launch cohort",Missing,No meaningful implementation found.,52af829ae8934a6607c32e1372c55d9f846d2d1b; onboarding/overview components; onboarding/overview tests,onboarding/overview components,/admin/overview; /salon/onboarding,salons; applications; bookings,Readiness queries,none,onboarding/overview tests,Cohort/waitlist/demand dashboards,Operational,Founder/Ops,Real data,Build after trust core,Phase C,High,Repo searches
WS18-024,"Workstream 18 — Launch cohort, demand sprint, and scaling gates",Median active salon receives at least two completed bookings.,"Founder, Salon Operations, Marketing and launch cohort",Missing,No meaningful implementation found.,52af829ae8934a6607c32e1372c55d9f846d2d1b; onboarding/overview components; onboarding/overview tests,onboarding/overview components,/admin/overview; /salon/onboarding,salons; applications; bookings,Readiness queries,none,onboarding/overview tests,Cohort/waitlist/demand dashboards,Operational,Founder/Ops,Real data,Build after trust core,Phase C,High,Repo searches
WS18-025,"Workstream 18 — Launch cohort, demand sprint, and scaling gates",Most salons maintain useful seven-day availability.,"Founder, Salon Operations, Marketing and launch cohort",Missing,No meaningful implementation found.,52af829ae8934a6607c32e1372c55d9f846d2d1b; onboarding/overview components; onboarding/overview tests,onboarding/overview components,/admin/overview; /salon/onboarding,salons; applications; bookings,Readiness queries,none,onboarding/overview tests,Cohort/waitlist/demand dashboards,Operational,Founder/Ops,Real data,Build after trust core,Phase C,High,Repo searches
WS18-026,"Workstream 18 — Launch cohort, demand sprint, and scaling gates",Deposit and refund systems are reliable.,"Founder, Salon Operations, Marketing and launch cohort",Missing,No meaningful implementation found.,52af829ae8934a6607c32e1372c55d9f846d2d1b; onboarding/overview components; onboarding/overview tests,onboarding/overview components,/admin/overview; /salon/onboarding,salons; applications; bookings,Readiness queries,none,onboarding/overview tests,Cohort/waitlist/demand dashboards,Operational,Founder/Ops,Real data,Build after trust core,Phase C,High,Repo searches
WS18-027,"Workstream 18 — Launch cohort, demand sprint, and scaling gates",Salon-caused cancellations remain controlled.,"Founder, Salon Operations, Marketing and launch cohort",Missing,No meaningful implementation found.,52af829ae8934a6607c32e1372c55d9f846d2d1b; onboarding/overview components; onboarding/overview tests,onboarding/overview components,/admin/overview; /salon/onboarding,salons; applications; bookings,Readiness queries,none,onboarding/overview tests,Cohort/waitlist/demand dashboards,Operational,Founder/Ops,Real data,Build after trust core,Phase C,High,Repo searches
WS18-028,"Workstream 18 — Launch cohort, demand sprint, and scaling gates",Customer booking works without staff intervention.,"Founder, Salon Operations, Marketing and launch cohort",Missing,No meaningful implementation found.,52af829ae8934a6607c32e1372c55d9f846d2d1b; onboarding/overview components; onboarding/overview tests,onboarding/overview components,/admin/overview; /salon/onboarding,salons; applications; bookings,Readiness queries,none,onboarding/overview tests,Cohort/waitlist/demand dashboards,Operational,Founder/Ops,Real data,Build after trust core,Phase C,High,Repo searches
WS18-029,"Workstream 18 — Launch cohort, demand sprint, and scaling gates",Girlz Culture can identify which services and areas generate demand.,"Founder, Salon Operations, Marketing and launch cohort",Missing,No meaningful implementation found.,52af829ae8934a6607c32e1372c55d9f846d2d1b; onboarding/overview components; onboarding/overview tests,onboarding/overview components,/admin/overview; /salon/onboarding,salons; applications; bookings,Readiness queries,none,onboarding/overview tests,Cohort/waitlist/demand dashboards,Operational,Founder/Ops,Real data,Build after trust core,Phase C,High,Repo searches
WS18-030,"Workstream 18 — Launch cohort, demand sprint, and scaling gates",Support problems are categorized and repeatable.,"Founder, Salon Operations, Marketing and launch cohort",Missing,No meaningful implementation found.,52af829ae8934a6607c32e1372c55d9f846d2d1b; onboarding/overview components; onboarding/overview tests,onboarding/overview components,/admin/overview; /salon/onboarding,salons; applications; bookings,Readiness queries,none,onboarding/overview tests,Cohort/waitlist/demand dashboards,Operational,Founder/Ops,Real data,Build after trust core,Phase C,High,Repo searches
WS18-031,"Workstream 18 — Launch cohort, demand sprint, and scaling gates",New salons are required to fill documented demand gaps.,"Founder, Salon Operations, Marketing and launch cohort",Missing,No meaningful implementation found.,52af829ae8934a6607c32e1372c55d9f846d2d1b; onboarding/overview components; onboarding/overview tests,onboarding/overview components,/admin/overview; /salon/onboarding,salons; applications; bookings,Readiness queries,none,onboarding/overview tests,Cohort/waitlist/demand dashboards,Operational,Founder/Ops,Real data,Build after trust core,Phase C,High,Repo searches
WS18-032,"Workstream 18 — Launch cohort, demand sprint, and scaling gates",Which salons are ready.,"Founder, Salon Operations, Marketing and launch cohort",Missing,No meaningful implementation found.,52af829ae8934a6607c32e1372c55d9f846d2d1b; onboarding/overview components; onboarding/overview tests,onboarding/overview components,/admin/overview; /salon/onboarding,salons; applications; bookings,Readiness queries,none,onboarding/overview tests,Cohort/waitlist/demand dashboards,Operational,Founder/Ops,Real data,Build after trust core,Phase C,High,Repo searches
WS18-033,"Workstream 18 — Launch cohort, demand sprint, and scaling gates",Which services are missing.,"Founder, Salon Operations, Marketing and launch cohort",Missing,No meaningful implementation found.,52af829ae8934a6607c32e1372c55d9f846d2d1b; onboarding/overview components; onboarding/overview tests,onboarding/overview components,/admin/overview; /salon/onboarding,salons; applications; bookings,Readiness queries,none,onboarding/overview tests,Cohort/waitlist/demand dashboards,Operational,Founder/Ops,Real data,Build after trust core,Phase C,High,Repo searches
WS18-034,"Workstream 18 — Launch cohort, demand sprint, and scaling gates",Which areas have demand.,"Founder, Salon Operations, Marketing and launch cohort",Missing,No meaningful implementation found.,52af829ae8934a6607c32e1372c55d9f846d2d1b; onboarding/overview components; onboarding/overview tests,onboarding/overview components,/admin/overview; /salon/onboarding,salons; applications; bookings,Readiness queries,none,onboarding/overview tests,Cohort/waitlist/demand dashboards,Operational,Founder/Ops,Real data,Build after trust core,Phase C,High,Repo searches
WS18-035,"Workstream 18 — Launch cohort, demand sprint, and scaling gates",Which salons received bookings.,"Founder, Salon Operations, Marketing and launch cohort",Missing,No meaningful implementation found.,52af829ae8934a6607c32e1372c55d9f846d2d1b; onboarding/overview components; onboarding/overview tests,onboarding/overview components,/admin/overview; /salon/onboarding,salons; applications; bookings,Readiness queries,none,onboarding/overview tests,Cohort/waitlist/demand dashboards,Operational,Founder/Ops,Real data,Build after trust core,Phase C,High,Repo searches
WS18-036,"Workstream 18 — Launch cohort, demand sprint, and scaling gates",Which salons have weak profiles.,"Founder, Salon Operations, Marketing and launch cohort",Partially implemented,Some layers exist; workflow not end-to-end.,52af829ae8934a6607c32e1372c55d9f846d2d1b; onboarding/overview components; onboarding/overview tests,onboarding/overview components,/admin/overview; /salon/onboarding,salons; applications; bookings,Readiness queries,none,onboarding/overview tests,Cohort/waitlist/demand dashboards,Operational,Founder/Ops,Real data,Build after trust core,Phase C,High,Repo searches
WS18-037,"Workstream 18 — Launch cohort, demand sprint, and scaling gates",Whether to recruit more supply or invest more in customer demand.,"Founder, Salon Operations, Marketing and launch cohort",Missing,No meaningful implementation found.,52af829ae8934a6607c32e1372c55d9f846d2d1b; onboarding/overview components; onboarding/overview tests,onboarding/overview components,/admin/overview; /salon/onboarding,salons; applications; bookings,Readiness queries,none,onboarding/overview tests,Cohort/waitlist/demand dashboards,Operational,Founder/Ops,Real data,Build after trust core,Phase C,High,Repo searches
WS01-017,"Workstream 1 — Readability, theme consistency, and accessibility","All important text across customer, salon, stylist, booking, policy, advertising, reports, modal, table, empty-state, toast, and admin surfaces is clearly readable.","Public website, customer, salon, stylist, checkout, admin, policy and reporting UI",Partially implemented,Some layers exist; workflow not end-to-end.,52af829ae8934a6607c32e1372c55d9f846d2d1b; src/app/globals.css; src/components/**; Playwright; lint,src/app/globals.css; src/components/**,major public/salon/admin pages,engine_settings,Next.js UI,CI,Playwright; lint,Semantic tokens; contrast/axe sweep,Accessibility,UX approval,None,Token/contrast audit,Phase A,Medium,Source + browser CI
WS01-018,"Workstream 1 — Readability, theme consistency, and accessibility",Ordinary content does not use faint gray merely because a component default does.,"Public website, customer, salon, stylist, checkout, admin, policy and reporting UI",Partially implemented,Some layers exist; workflow not end-to-end.,52af829ae8934a6607c32e1372c55d9f846d2d1b; src/app/globals.css; src/components/**; Playwright; lint,src/app/globals.css; src/components/**,major public/salon/admin pages,engine_settings,Next.js UI,CI,Playwright; lint,Semantic tokens; contrast/axe sweep,Accessibility,UX approval,None,Token/contrast audit,Phase A,Medium,Source + browser CI
WS02-050,Workstream 2 — Structured hairstyle and service information,Existing salon service data is preserved while the schema is expanded.,"Salon service editor, public service pages, search, booking and admin catalog",Partially implemented,Some layers exist; workflow not end-to-end.,52af829ae8934a6607c32e1372c55d9f846d2d1b; styles/catalog components; catalog migrations; catalog verifiers,styles/catalog components; catalog migrations,/styles; /salon/[slug]; /api/catalog/*,styles; service_categories; master_styles; style_materials,Catalog APIs/RPCs,imports,catalog verifiers,Full field set; scoring; compare,Customer clarity,Salon Ops taxonomy,Real salon data,Map/add fields,Phase B,High,Schema/API/tests
WS03-027,"Workstream 3 — Location, destination search, radius, and time zones",The current local default is preserved while customers can deliberately search an appointment destination.,"Customer discovery, maps, promotions and booking timezone",Complete but weak,Real implementation; handoff quality/provider gaps remain.,52af829ae8934a6607c32e1372c55d9f846d2d1b; src/lib/location.ts; CustomerLocationProvider.tsx; AutocompleteInputs.tsx; location + Playwright,src/lib/location.ts; CustomerLocationProvider.tsx; AutocompleteInputs.tsx,/salons; /search; /api/discovery/salons,salons; discover_nearby_salons_ranked,Google Maps; discovery RPC,location CI,location + Playwright,Saved destinations; no-limit; provider proof,Location reliability,Provider/privacy approval,Google key,Provider/staging tests,Phase B,High,Code/RPC/CI
WS04-018,Workstream 4 — Customer discovery and fast booking,A mobile customer can complete the style-to-deposit journey without staff assistance and without double booking.,"Public discovery, salon/service pages, guest/customer checkout and booking",Complete but weak,Real implementation; handoff quality/provider gaps remain.,52af829ae8934a6607c32e1372c55d9f846d2d1b; booking pages; booking-checkout route; availability libs; checkout/booking/browser tests,booking pages; booking-checkout route; availability libs,/salon/[slug]/book; /checkout; /api/booking/*,bookings; availability; checkout intents,Stripe Checkout; booking RPCs,reminders,checkout/booking/browser tests,Provider/live/deep-link/event proof,Booking integrity,Founder journey,Stripe/email test,Run mobile transaction,Phase B,High,Routes/schema/CI
WS05-031,"Workstream 5 — Connected deposits, delayed capture, cancellation, and refunds",The payment architecture is documented before further payment changes.,"Booking payments, connected salons, refunds, finance and support",Unsafe,Current behavior conflicts with unresolved high-risk rules.,52af829ae8934a6607c32e1372c55d9f846d2d1b; booking-checkout; webhook; stripeServer; bookingCancellation; payout/checkout/refund tests,booking-checkout; webhook; stripeServer; bookingCancellation,/api/stripe/*; /api/admin/finance*,bookings; webhook events; finance events; payout attempts,Stripe/Connect/refunds,provider retry,payout/checkout/refund tests,Approved charge model; grace/capture; replay,Financial/legal,Founder/payments/legal,Stripe test accounts,Approve architecture,Phase B,High,Exact payment code + CI
WS05-032,"Workstream 5 — Connected deposits, delayed capture, cancellation, and refunds",The complete connected-account flow is tested with actual Stripe test-mode connected accounts.,"Booking payments, connected salons, refunds, finance and support",Partially implemented,Some layers exist; workflow not end-to-end.,52af829ae8934a6607c32e1372c55d9f846d2d1b; booking-checkout; webhook; stripeServer; bookingCancellation; payout/checkout/refund tests,booking-checkout; webhook; stripeServer; bookingCancellation,/api/stripe/*; /api/admin/finance*,bookings; webhook events; finance events; payout attempts,Stripe/Connect/refunds,provider retry,payout/checkout/refund tests,Approved charge model; grace/capture; replay,Financial/legal,Founder/payments/legal,Stripe test accounts,Approve architecture,Phase B,Medium,Exact payment code + CI
WS06-015,Workstream 6 — Booking conversation and monitored communication,A booking-specific conversation is the authoritative communication record.,"Customer, salon, stylist and support booking communication",Partially implemented,Some layers exist; workflow not end-to-end.,52af829ae8934a6607c32e1372c55d9f846d2d1b; messages route; booking_messages migrations; message/i18n checks,messages route; booking_messages migrations,/api/messages; dashboard chat,booking_messages; notifications,Email/SMS/push,none universal,message/i18n checks,Conversation aggregate; attachments; access/export,Privacy/evidence,Legal/Support,providers,Consolidate chat,Phase B,High,Route/schema search
WS06-016,Workstream 6 — Booking conversation and monitored communication,A text message expressing cancellation does not replace the formal cancellation action.,"Customer, salon, stylist and support booking communication",Missing,No meaningful implementation found.,52af829ae8934a6607c32e1372c55d9f846d2d1b; messages route; booking_messages migrations; message/i18n checks,messages route; booking_messages migrations,/api/messages; dashboard chat,booking_messages; notifications,Email/SMS/push,none universal,message/i18n checks,Conversation aggregate; attachments; access/export,Privacy/evidence,Legal/Support,providers,Consolidate chat,Phase B,High,Route/schema search
WS07-022,Workstream 7 — Domain-event and audit foundation,"Important business actions create a structured, machine-readable, versioned event.","All business domains, analytics, support, monitoring and future AI operations",Missing,No meaningful implementation found.,52af829ae8934a6607c32e1372c55d9f846d2d1b; domain routes; audit/event migrations; clean DB feature checks,domain routes; audit/event migrations,many APIs,multiple audit/event tables,Direct inserts/RPCs,no canonical dispatcher,clean DB feature checks,Versioned event/outbox/correlation,Data integrity,Data/Analytics,None,Design event foundation,Phase A,High,Repo-wide searches
WS08-063,"Workstream 8 — Customer Protection Policy, Partner Standards, disputes, and enforcement",Customer Protection and Salon Partner Standards are legally reviewed and operationally enforced.,"Customers, salons, support, disputes, refunds and enforcement",Partially implemented,Some layers exist; workflow not end-to-end.,52af829ae8934a6607c32e1372c55d9f846d2d1b; complaints/support routes; legal content; support DB checks,complaints/support routes; legal content,/complaint; /help; /api/support*,complaints_log; support_tickets; outbox,Support RPCs; Resend,outbox claims,support DB checks,Policy versions; evidence; appeal/strikes,Legal/trust,Legal/Founder/Support,Legal + providers,Approve/build case system,Phase B,High,Routes/schema/search
WS09-016,Workstream 9 — Full multilingual architecture,A French-speaking salon owner can complete the whole core platform without essential English-only text.,"Website, dashboards, notifications, chat, policies and downloads",Partially implemented,Some layers exist; workflow not end-to-end.,52af829ae8934a6607c32e1372c55d9f846d2d1b; src/i18n/*; localization migrations; i18n verifiers,src/i18n/*; localization migrations,/api/i18n/*; all UI,supported_locales; translations,Catalog/review services,coverage checks,i18n verifiers,Full journey/language review,Localization/legal,Native reviewers,Translation provider,Finish French,Phase A/C,High,Catalog/schema/tests
WS10-050,Workstream 10 — Salon onboarding and digital-presence setup,"A salon is not launch-ready until real booking, deposit, notification, cancellation, and profile-quality tests pass.","Salon applicant, owner, operations and public activation",Partially implemented,Some layers exist; workflow not end-to-end.,52af829ae8934a6607c32e1372c55d9f846d2d1b; onboarding route; owner components; SalonVanityManager; onboarding/profile tests,onboarding route; owner components; SalonVanityManager,/partner; /salon/onboarding; /dashboard,applications; salons; docs; readiness,publication RPC; media; QR,reminders partial,onboarding/profile tests,GBP workflow; tasks; real test booking,Operational,Salon Ops/Founder,Google/Stripe,Extend readiness checklist,Phase C,High,API/UI/schema
WS11-025,"Workstream 11 — Instagram, WhatsApp, TikTok, YouTube, and social distribution","WhatsApp broadcast, one-to-one service notifications, and authoritative in-app booking conversation remain distinct.","Salon acquisition links, social distribution and notification preferences",Missing,No meaningful implementation found.,52af829ae8934a6607c32e1372c55d9f846d2d1b; SalonVanityManager; notification code; vanity/notification tests,SalonVanityManager; notification code,/social; /api/salons/*/qr,salon social fields; notifications,QR; email/SMS/push,none social,vanity/notification tests,Consent/preferences/WhatsApp/attribution,Consent/privacy,Marketing/Legal,social accounts,Build consent foundation,Phase C/E,High,Search + code
WS12-036,"Workstream 12 — Subscription tiers, entitlements, and billing",Customer safety and core booking reliability do not depend on a higher subscription tier.,"Salon plans, billing, entitlements and public feature behavior",Unsafe,Current behavior conflicts with unresolved high-risk rules.,52af829ae8934a6607c32e1372c55d9f846d2d1b; src/lib/plans.ts; subscription routes; .env.example; subscription checks,src/lib/plans.ts; subscription routes; .env.example,/plans; /api/stripe/subscription/*,subscriptions; billing events; changes,Stripe Billing/Portal,webhooks,subscription checks,Approved DB plans/entitlements/config,Billing/legal,Founder/Legal,Stripe prices,Freeze/reconcile plans,Phase D,High,Exact code/config
WS13-031,Workstream 13 — Automated advertising and promotion marketplace,Paid content is clearly identified and never presented as editorial or organic content.,"Salon promotion marketplace, public sponsored surfaces, admin marketing and campaign reporting",Missing,No meaningful implementation found.,52af829ae8934a6607c32e1372c55d9f846d2d1b; featured/trending admin/public code; campaign/media tests,featured/trending admin/public code,/featured; /trending; /api/admin/*campaigns,marketing_entitlements; campaign tables,Admin campaign RPCs,expiry/video jobs,campaign/media tests,Self-service inventory/payment/reporting,Advertising/financial,Marketing/Legal,Stripe/social,Keep Admin pilot; design inventory,Phase D,High,Schema/routes/tests
WS14-025,"Workstream 14 — Organic ranking, sponsored ranking, and editorial trust",Payment never secretly raises organic rank.,"Organic discovery, sponsored placements, editorial collections and admin interventions",Partially implemented,Some layers exist; workflow not end-to-end.,52af829ae8934a6607c32e1372c55d9f846d2d1b; authoritative discovery SQL; featured routes; discovery/campaign tests,authoritative discovery SQL; featured routes,/search; /salons; /featured,discover_nearby_salons_ranked; campaigns,Discovery RPCs,none,discovery/campaign tests,Weights/version/debug/experiments,Ranking trust,Editorial/Marketing,None,Version ranking,Phase D/E,High,SQL/routes/tests
WS15-053,"Workstream 15 — Attribution, booking value, and salon performance reporting",Girlz Culture distinguishes processed booking value from verified completed value and does not overclaim acquisition.,Salon/admin/advertising analytics and finance,Partially implemented,Some layers exist; workflow not end-to-end.,52af829ae8934a6607c32e1372c55d9f846d2d1b; booking/finance/analytics components; overview/finance tests,booking/finance/analytics components,analytics/overview routes,bookings; finance; campaign tables,Dashboard queries,no full attribution job,overview/finance tests,Touchpoints/UTM/confidence/reports,Reporting/privacy,Data/Founder,ad platforms,Define attribution model,Phase C/D,High,Search + schema
WS16-005,"Workstream 16 — Error monitoring, operations queues, and administrative tooling","Every operational problem is visible, actionable, traceable, and exportable.","Platform Admin operations, engineering support and incident response",Partially implemented,Some layers exist; workflow not end-to-end.,52af829ae8934a6607c32e1372c55d9f846d2d1b; engine errors route; monitoring libs; monitoring/release tests,engine errors route; monitoring libs,/admin/engine; /api/admin/engine/errors,platform_error_*; record events,Monitoring/export,124 routes + 3 functions,monitoring/release tests,Filters/bundles/replay/domain queues,Operational/privacy,Operations,provider logs,Add recovery controls,Phase A,High,Route/schema/CI
WS17-030,Workstream 17 — Product commerce,Product commerce remains separate from appointment-deposit business rules and does not launch on display-only capability.,"Customers, salon sellers, orders, tax, fulfillment, refunds and support",Partially implemented,Some layers exist; workflow not end-to-end.,52af829ae8934a6607c32e1372c55d9f846d2d1b; commerceCheckoutServer; commerce routes/migrations; commerce tests,commerceCheckoutServer; commerce routes/migrations,/products; /api/product-orders; /api/stripe/commerce*,products; inventory; orders; refunds,Stripe Checkout/Tax,pickup cleanup,commerce tests,MOR/tax/shipping/returns/support,Tax/legal/financial,Tax/Legal/Founder,Stripe/carriers,Keep disabled; decide architecture,Phase F,High,Code/schema/handoff
WS18-038,"Workstream 18 — Launch cohort, demand sprint, and scaling gates","A single launch dashboard supports the 15–20 salon cohort, waitlist, readiness, demand, and scaling decision.","Founder, Salon Operations, Marketing and launch cohort",Partially implemented,Some layers exist; workflow not end-to-end.,52af829ae8934a6607c32e1372c55d9f846d2d1b; onboarding/overview components; onboarding/overview tests,onboarding/overview components,/admin/overview; /salon/onboarding,salons; applications; bookings,Readiness queries,none,onboarding/overview tests,Cohort/waitlist/demand dashboards,Operational,Founder/Ops,Real data,Build after trust core,Phase C,High,Repo searches
WS00-001,Workstream 0 — Current-state product and codebase audit,"Repository owner, default branch, baseline commit, current audit branch, open PRs, recent commits, branch differences, CI, Netlify, and working-tree limitations are recorded.","Repository, CI, deployment, engineering operations",Complete and correct,Verified within current repository/CI scope.,52af829ae8934a6607c32e1372c55d9f846d2d1b; AGENTS.md; README.md; package.json; netlify.toml; .github/workflows/*; Run #391; release gate,AGENTS.md; README.md; package.json; netlify.toml; .github/workflows/*,N/A,supabase/migrations/*,GitHub; Netlify; Supabase,CI/migration/deploy workflows,Run #391; release gate,Local clone/worktree unavailable,Audit-only,Founder review,GitHub/Netlify,Review audit,Phase A,High,GitHub/Netlify API + CI logs
WS00-002,Workstream 0 — Current-state product and codebase audit,"Root and nested AGENTS.md, README, architecture, completion, audit, package, migration, test, deployment, and rollback documents are inspected.","Repository, CI, deployment, engineering operations",Complete and correct,Verified within current repository/CI scope.,52af829ae8934a6607c32e1372c55d9f846d2d1b; AGENTS.md; README.md; package.json; netlify.toml; .github/workflows/*; Run #391; release gate,AGENTS.md; README.md; package.json; netlify.toml; .github/workflows/*,N/A,supabase/migrations/*,GitHub; Netlify; Supabase,CI/migration/deploy workflows,Run #391; release gate,Local clone/worktree unavailable,Audit-only,Founder review,GitHub/Netlify,Review audit,Phase A,High,GitHub/Netlify API + CI logs
WS00-003,Workstream 0 — Current-state product and codebase audit,Route and screen inventory is produced.,"Repository, CI, deployment, engineering operations",Complete and correct,Verified within current repository/CI scope.,52af829ae8934a6607c32e1372c55d9f846d2d1b; AGENTS.md; README.md; package.json; netlify.toml; .github/workflows/*; Run #391; release gate,AGENTS.md; README.md; package.json; netlify.toml; .github/workflows/*,N/A,supabase/migrations/*,GitHub; Netlify; Supabase,CI/migration/deploy workflows,Run #391; release gate,Local clone/worktree unavailable,Audit-only,Founder review,GitHub/Netlify,Review audit,Phase A,High,GitHub/Netlify API + CI logs
WS00-004,Workstream 0 — Current-state product and codebase audit,Database and schema inventory is produced.,"Repository, CI, deployment, engineering operations",Complete and correct,Verified within current repository/CI scope.,52af829ae8934a6607c32e1372c55d9f846d2d1b; AGENTS.md; README.md; package.json; netlify.toml; .github/workflows/*; Run #391; release gate,AGENTS.md; README.md; package.json; netlify.toml; .github/workflows/*,N/A,supabase/migrations/*,GitHub; Netlify; Supabase,CI/migration/deploy workflows,Run #391; release gate,Local clone/worktree unavailable,Audit-only,Founder review,GitHub/Netlify,Review audit,Phase A,High,GitHub/Netlify API + CI logs
WS00-005,Workstream 0 — Current-state product and codebase audit,API and service inventory is produced.,"Repository, CI, deployment, engineering operations",Complete and correct,Verified within current repository/CI scope.,52af829ae8934a6607c32e1372c55d9f846d2d1b; AGENTS.md; README.md; package.json; netlify.toml; .github/workflows/*; Run #391; release gate,AGENTS.md; README.md; package.json; netlify.toml; .github/workflows/*,N/A,supabase/migrations/*,GitHub; Netlify; Supabase,CI/migration/deploy workflows,Run #391; release gate,Local clone/worktree unavailable,Audit-only,Founder review,GitHub/Netlify,Review audit,Phase A,High,GitHub/Netlify API + CI logs
WS00-006,Workstream 0 — Current-state product and codebase audit,Background-job and scheduled-task inventory is produced.,"Repository, CI, deployment, engineering operations",Complete and correct,Verified within current repository/CI scope.,52af829ae8934a6607c32e1372c55d9f846d2d1b; AGENTS.md; README.md; package.json; netlify.toml; .github/workflows/*; Run #391; release gate,AGENTS.md; README.md; package.json; netlify.toml; .github/workflows/*,N/A,supabase/migrations/*,GitHub; Netlify; Supabase,CI/migration/deploy workflows,Run #391; release gate,Local clone/worktree unavailable,Audit-only,Founder review,GitHub/Netlify,Review audit,Phase A,High,GitHub/Netlify API + CI logs
WS00-007,Workstream 0 — Current-state product and codebase audit,Third-party integration inventory is produced.,"Repository, CI, deployment, engineering operations",Complete and correct,Verified within current repository/CI scope.,52af829ae8934a6607c32e1372c55d9f846d2d1b; AGENTS.md; README.md; package.json; netlify.toml; .github/workflows/*; Run #391; release gate,AGENTS.md; README.md; package.json; netlify.toml; .github/workflows/*,N/A,supabase/migrations/*,GitHub; Netlify; Supabase,CI/migration/deploy workflows,Run #391; release gate,Local clone/worktree unavailable,Audit-only,Founder review,GitHub/Netlify,Review audit,Phase A,High,GitHub/Netlify API + CI logs
WS00-008,Workstream 0 — Current-state product and codebase audit,Roles and permissions inventory is produced.,"Repository, CI, deployment, engineering operations",Complete and correct,Verified within current repository/CI scope.,52af829ae8934a6607c32e1372c55d9f846d2d1b; AGENTS.md; README.md; package.json; netlify.toml; .github/workflows/*; Run #391; release gate,AGENTS.md; README.md; package.json; netlify.toml; .github/workflows/*,N/A,supabase/migrations/*,GitHub; Netlify; Supabase,CI/migration/deploy workflows,Run #391; release gate,Local clone/worktree unavailable,Audit-only,Founder review,GitHub/Netlify,Review audit,Phase A,High,GitHub/Netlify API + CI logs
WS00-009,Workstream 0 — Current-state product and codebase audit,Domain-event and audit inventory is produced.,"Repository, CI, deployment, engineering operations",Complete and correct,Verified within current repository/CI scope.,52af829ae8934a6607c32e1372c55d9f846d2d1b; AGENTS.md; README.md; package.json; netlify.toml; .github/workflows/*; Run #391; release gate,AGENTS.md; README.md; package.json; netlify.toml; .github/workflows/*,N/A,supabase/migrations/*,GitHub; Netlify; Supabase,CI/migration/deploy workflows,Run #391; release gate,Local clone/worktree unavailable,Audit-only,Founder review,GitHub/Netlify,Review audit,Phase A,High,GitHub/Netlify API + CI logs
WS00-010,Workstream 0 — Current-state product and codebase audit,Notification-channel inventory is produced.,"Repository, CI, deployment, engineering operations",Complete and correct,Verified within current repository/CI scope.,52af829ae8934a6607c32e1372c55d9f846d2d1b; AGENTS.md; README.md; package.json; netlify.toml; .github/workflows/*; Run #391; release gate,AGENTS.md; README.md; package.json; netlify.toml; .github/workflows/*,N/A,supabase/migrations/*,GitHub; Netlify; Supabase,CI/migration/deploy workflows,Run #391; release gate,Local clone/worktree unavailable,Audit-only,Founder review,GitHub/Netlify,Review audit,Phase A,High,GitHub/Netlify API + CI logs
WS00-011,Workstream 0 — Current-state product and codebase audit,Monitoring and error-handling inventory is produced.,"Repository, CI, deployment, engineering operations",Complete and correct,Verified within current repository/CI scope.,52af829ae8934a6607c32e1372c55d9f846d2d1b; AGENTS.md; README.md; package.json; netlify.toml; .github/workflows/*; Run #391; release gate,AGENTS.md; README.md; package.json; netlify.toml; .github/workflows/*,N/A,supabase/migrations/*,GitHub; Netlify; Supabase,CI/migration/deploy workflows,Run #391; release gate,Local clone/worktree unavailable,Audit-only,Founder review,GitHub/Netlify,Review audit,Phase A,High,GitHub/Netlify API + CI logs
WS00-012,Workstream 0 — Current-state product and codebase audit,Testing inventory is produced.,"Repository, CI, deployment, engineering operations",Complete and correct,Verified within current repository/CI scope.,52af829ae8934a6607c32e1372c55d9f846d2d1b; AGENTS.md; README.md; package.json; netlify.toml; .github/workflows/*; Run #391; release gate,AGENTS.md; README.md; package.json; netlify.toml; .github/workflows/*,N/A,supabase/migrations/*,GitHub; Netlify; Supabase,CI/migration/deploy workflows,Run #391; release gate,Local clone/worktree unavailable,Audit-only,Founder review,GitHub/Netlify,Review audit,Phase A,High,GitHub/Netlify API + CI logs
WS00-013,Workstream 0 — Current-state product and codebase audit,Demonstration and hardcoded-content inventory is produced.,"Repository, CI, deployment, engineering operations",Complete and correct,Verified within current repository/CI scope.,52af829ae8934a6607c32e1372c55d9f846d2d1b; AGENTS.md; README.md; package.json; netlify.toml; .github/workflows/*; Run #391; release gate,AGENTS.md; README.md; package.json; netlify.toml; .github/workflows/*,N/A,supabase/migrations/*,GitHub; Netlify; Supabase,CI/migration/deploy workflows,Run #391; release gate,Local clone/worktree unavailable,Audit-only,Founder review,GitHub/Netlify,Review audit,Phase A,High,GitHub/Netlify API + CI logs
WS00-014,Workstream 0 — Current-state product and codebase audit,Incomplete/nonfunctional interface inventory is produced.,"Repository, CI, deployment, engineering operations",Complete and correct,Verified within current repository/CI scope.,52af829ae8934a6607c32e1372c55d9f846d2d1b; AGENTS.md; README.md; package.json; netlify.toml; .github/workflows/*; Run #391; release gate,AGENTS.md; README.md; package.json; netlify.toml; .github/workflows/*,N/A,supabase/migrations/*,GitHub; Netlify; Supabase,CI/migration/deploy workflows,Run #391; release gate,Local clone/worktree unavailable,Audit-only,Founder review,GitHub/Netlify,Review audit,Phase A,High,GitHub/Netlify API + CI logs
WS00-015,Workstream 0 — Current-state product and codebase audit,Dead-code and duplicate-system inventories are produced.,"Repository, CI, deployment, engineering operations",Complete and correct,Verified within current repository/CI scope.,52af829ae8934a6607c32e1372c55d9f846d2d1b; AGENTS.md; README.md; package.json; netlify.toml; .github/workflows/*; Run #391; release gate,AGENTS.md; README.md; package.json; netlify.toml; .github/workflows/*,N/A,supabase/migrations/*,GitHub; Netlify; Supabase,CI/migration/deploy workflows,Run #391; release gate,Local clone/worktree unavailable,Audit-only,Founder review,GitHub/Netlify,Review audit,Phase A,High,GitHub/Netlify API + CI logs
WS00-016,Workstream 0 — Current-state product and codebase audit,"Security, privacy, payment, legal, tenant, reliability, accessibility, and operational risks are recorded.","Repository, CI, deployment, engineering operations",Complete and correct,Verified within current repository/CI scope.,52af829ae8934a6607c32e1372c55d9f846d2d1b; AGENTS.md; README.md; package.json; netlify.toml; .github/workflows/*; Run #391; release gate,AGENTS.md; README.md; package.json; netlify.toml; .github/workflows/*,N/A,supabase/migrations/*,GitHub; Netlify; Supabase,CI/migration/deploy workflows,Run #391; release gate,Local clone/worktree unavailable,Audit-only,Founder review,GitHub/Netlify,Review audit,Phase A,High,GitHub/Netlify API + CI logs
WS00-017,Workstream 0 — Current-state product and codebase audit,Six required audit deliverables are created without modifying product behavior.,"Repository, CI, deployment, engineering operations",Complete and correct,Verified within current repository/CI scope.,52af829ae8934a6607c32e1372c55d9f846d2d1b; AGENTS.md; README.md; package.json; netlify.toml; .github/workflows/*; Run #391; release gate,AGENTS.md; README.md; package.json; netlify.toml; .github/workflows/*,N/A,supabase/migrations/*,GitHub; Netlify; Supabase,CI/migration/deploy workflows,Run #391; release gate,Local clone/worktree unavailable,Audit-only,Founder review,GitHub/Netlify,Review audit,Phase A,Medium,GitHub/Netlify API + CI logs
WS00-018,Workstream 0 — Current-state product and codebase audit,Audit work is committed on a dedicated branch and opened as an unmerged draft PR.,"Repository, CI, deployment, engineering operations",Complete and correct,Verified within current repository/CI scope.,52af829ae8934a6607c32e1372c55d9f846d2d1b; AGENTS.md; README.md; package.json; netlify.toml; .github/workflows/*; Run #391; release gate,AGENTS.md; README.md; package.json; netlify.toml; .github/workflows/*,N/A,supabase/migrations/*,GitHub; Netlify; Supabase,CI/migration/deploy workflows,Run #391; release gate,Local clone/worktree unavailable,Audit-only,Founder review,GitHub/Netlify,Review audit,Phase A,High,GitHub/Netlify API + CI logs
WSX-001,"Cross-cutting security, permissions, privacy, and reliability",Role-based access.,All product and operational surfaces,Complete but weak,Real implementation; handoff quality/provider gaps remain.,52af829ae8934a6607c32e1372c55d9f846d2d1b; AGENTS.md; auth/security/media/workflows; clean DB/TS/lint/build/Playwright,AGENTS.md; auth/security/media/workflows,all routes,176 RLS; identity/audit tables,Supabase/Stripe/Netlify,CI/schedules,clean DB/TS/lint/build/Playwright,Durable limits; protected main; staging/recovery,Cross-cutting,Founder/Security/Legal,staging/providers,Harden release/recovery,Phase A,High,Branch/CI/source
WSX-002,"Cross-cutting security, permissions, privacy, and reliability",Least-privilege permissions.,All product and operational surfaces,Complete but weak,Real implementation; handoff quality/provider gaps remain.,52af829ae8934a6607c32e1372c55d9f846d2d1b; AGENTS.md; auth/security/media/workflows; clean DB/TS/lint/build/Playwright,AGENTS.md; auth/security/media/workflows,all routes,176 RLS; identity/audit tables,Supabase/Stripe/Netlify,CI/schedules,clean DB/TS/lint/build/Playwright,Durable limits; protected main; staging/recovery,Cross-cutting,Founder/Security/Legal,staging/providers,Harden release/recovery,Phase A,High,Branch/CI/source
WSX-003,"Cross-cutting security, permissions, privacy, and reliability",Salon-location separation.,All product and operational surfaces,Complete but weak,Real implementation; handoff quality/provider gaps remain.,52af829ae8934a6607c32e1372c55d9f846d2d1b; AGENTS.md; auth/security/media/workflows; clean DB/TS/lint/build/Playwright,AGENTS.md; auth/security/media/workflows,all routes,176 RLS; identity/audit tables,Supabase/Stripe/Netlify,CI/schedules,clean DB/TS/lint/build/Playwright,Durable limits; protected main; staging/recovery,Cross-cutting,Founder/Security/Legal,staging/providers,Harden release/recovery,Phase A,High,Branch/CI/source
WSX-004,"Cross-cutting security, permissions, privacy, and reliability",Staff access restrictions.,All product and operational surfaces,Complete but weak,Real implementation; handoff quality/provider gaps remain.,52af829ae8934a6607c32e1372c55d9f846d2d1b; AGENTS.md; auth/security/media/workflows; clean DB/TS/lint/build/Playwright,AGENTS.md; auth/security/media/workflows,all routes,176 RLS; identity/audit tables,Supabase/Stripe/Netlify,CI/schedules,clean DB/TS/lint/build/Playwright,Durable limits; protected main; staging/recovery,Cross-cutting,Founder/Security/Legal,staging/providers,Harden release/recovery,Phase A,High,Branch/CI/source
WSX-005,"Cross-cutting security, permissions, privacy, and reliability",Administrative action logs.,All product and operational surfaces,Complete but weak,Real implementation; handoff quality/provider gaps remain.,52af829ae8934a6607c32e1372c55d9f846d2d1b; AGENTS.md; auth/security/media/workflows; clean DB/TS/lint/build/Playwright,AGENTS.md; auth/security/media/workflows,all routes,176 RLS; identity/audit tables,Supabase/Stripe/Netlify,CI/schedules,clean DB/TS/lint/build/Playwright,Durable limits; protected main; staging/recovery,Cross-cutting,Founder/Security/Legal,staging/providers,Harden release/recovery,Phase A,High,Branch/CI/source
WSX-006,"Cross-cutting security, permissions, privacy, and reliability",Strong authentication.,All product and operational surfaces,Complete but weak,Real implementation; handoff quality/provider gaps remain.,52af829ae8934a6607c32e1372c55d9f846d2d1b; AGENTS.md; auth/security/media/workflows; clean DB/TS/lint/build/Playwright,AGENTS.md; auth/security/media/workflows,all routes,176 RLS; identity/audit tables,Supabase/Stripe/Netlify,CI/schedules,clean DB/TS/lint/build/Playwright,Durable limits; protected main; staging/recovery,Cross-cutting,Founder/Security/Legal,staging/providers,Harden release/recovery,Phase A,High,Branch/CI/source
WSX-007,"Cross-cutting security, permissions, privacy, and reliability",Secure session handling.,All product and operational surfaces,Complete but weak,Real implementation; handoff quality/provider gaps remain.,52af829ae8934a6607c32e1372c55d9f846d2d1b; AGENTS.md; auth/security/media/workflows; clean DB/TS/lint/build/Playwright,AGENTS.md; auth/security/media/workflows,all routes,176 RLS; identity/audit tables,Supabase/Stripe/Netlify,CI/schedules,clean DB/TS/lint/build/Playwright,Durable limits; protected main; staging/recovery,Cross-cutting,Founder/Security/Legal,staging/providers,Harden release/recovery,Phase A,High,Branch/CI/source
WSX-008,"Cross-cutting security, permissions, privacy, and reliability",Rate limiting.,All product and operational surfaces,Partially implemented,Some layers exist; workflow not end-to-end.,52af829ae8934a6607c32e1372c55d9f846d2d1b; AGENTS.md; auth/security/media/workflows; clean DB/TS/lint/build/Playwright,AGENTS.md; auth/security/media/workflows,all routes,176 RLS; identity/audit tables,Supabase/Stripe/Netlify,CI/schedules,clean DB/TS/lint/build/Playwright,Durable limits; protected main; staging/recovery,Cross-cutting,Founder/Security/Legal,staging/providers,Harden release/recovery,Phase A,High,Branch/CI/source
WSX-009,"Cross-cutting security, permissions, privacy, and reliability",Input validation.,All product and operational surfaces,Complete but weak,Real implementation; handoff quality/provider gaps remain.,52af829ae8934a6607c32e1372c55d9f846d2d1b; AGENTS.md; auth/security/media/workflows; clean DB/TS/lint/build/Playwright,AGENTS.md; auth/security/media/workflows,all routes,176 RLS; identity/audit tables,Supabase/Stripe/Netlify,CI/schedules,clean DB/TS/lint/build/Playwright,Durable limits; protected main; staging/recovery,Cross-cutting,Founder/Security/Legal,staging/providers,Harden release/recovery,Phase A,High,Branch/CI/source
WSX-010,"Cross-cutting security, permissions, privacy, and reliability",File-upload protection.,All product and operational surfaces,Complete but weak,Real implementation; handoff quality/provider gaps remain.,52af829ae8934a6607c32e1372c55d9f846d2d1b; AGENTS.md; auth/security/media/workflows; clean DB/TS/lint/build/Playwright,AGENTS.md; auth/security/media/workflows,all routes,176 RLS; identity/audit tables,Supabase/Stripe/Netlify,CI/schedules,clean DB/TS/lint/build/Playwright,Durable limits; protected main; staging/recovery,Cross-cutting,Founder/Security/Legal,staging/providers,Harden release/recovery,Phase A,High,Branch/CI/source
WSX-011,"Cross-cutting security, permissions, privacy, and reliability",Sensitive-data encryption.,All product and operational surfaces,Partially implemented,Some layers exist; workflow not end-to-end.,52af829ae8934a6607c32e1372c55d9f846d2d1b; AGENTS.md; auth/security/media/workflows; clean DB/TS/lint/build/Playwright,AGENTS.md; auth/security/media/workflows,all routes,176 RLS; identity/audit tables,Supabase/Stripe/Netlify,CI/schedules,clean DB/TS/lint/build/Playwright,Durable limits; protected main; staging/recovery,Cross-cutting,Founder/Security/Legal,staging/providers,Harden release/recovery,Phase A,High,Branch/CI/source
WSX-012,"Cross-cutting security, permissions, privacy, and reliability",Secret management.,All product and operational surfaces,Complete but weak,Real implementation; handoff quality/provider gaps remain.,52af829ae8934a6607c32e1372c55d9f846d2d1b; AGENTS.md; auth/security/media/workflows; clean DB/TS/lint/build/Playwright,AGENTS.md; auth/security/media/workflows,all routes,176 RLS; identity/audit tables,Supabase/Stripe/Netlify,CI/schedules,clean DB/TS/lint/build/Playwright,Durable limits; protected main; staging/recovery,Cross-cutting,Founder/Security/Legal,staging/providers,Harden release/recovery,Phase A,High,Branch/CI/source
WSX-013,"Cross-cutting security, permissions, privacy, and reliability",Backup and restore procedures.,All product and operational surfaces,Partially implemented,Some layers exist; workflow not end-to-end.,52af829ae8934a6607c32e1372c55d9f846d2d1b; AGENTS.md; auth/security/media/workflows; clean DB/TS/lint/build/Playwright,AGENTS.md; auth/security/media/workflows,all routes,176 RLS; identity/audit tables,Supabase/Stripe/Netlify,CI/schedules,clean DB/TS/lint/build/Playwright,Durable limits; protected main; staging/recovery,Cross-cutting,Founder/Security/Legal,staging/providers,Harden release/recovery,Phase A,High,Branch/CI/source
WSX-014,"Cross-cutting security, permissions, privacy, and reliability",Data-retention controls.,All product and operational surfaces,Partially implemented,Some layers exist; workflow not end-to-end.,52af829ae8934a6607c32e1372c55d9f846d2d1b; AGENTS.md; auth/security/media/workflows; clean DB/TS/lint/build/Playwright,AGENTS.md; auth/security/media/workflows,all routes,176 RLS; identity/audit tables,Supabase/Stripe/Netlify,CI/schedules,clean DB/TS/lint/build/Playwright,Durable limits; protected main; staging/recovery,Cross-cutting,Founder/Security/Legal,staging/providers,Harden release/recovery,Phase A,High,Branch/CI/source
WSX-015,"Cross-cutting security, permissions, privacy, and reliability",Account deletion or deactivation flow.,All product and operational surfaces,Partially implemented,Some layers exist; workflow not end-to-end.,52af829ae8934a6607c32e1372c55d9f846d2d1b; AGENTS.md; auth/security/media/workflows; clean DB/TS/lint/build/Playwright,AGENTS.md; auth/security/media/workflows,all routes,176 RLS; identity/audit tables,Supabase/Stripe/Netlify,CI/schedules,clean DB/TS/lint/build/Playwright,Durable limits; protected main; staging/recovery,Cross-cutting,Founder/Security/Legal,staging/providers,Harden release/recovery,Phase A,High,Branch/CI/source
WSX-016,"Cross-cutting security, permissions, privacy, and reliability",Consent records.,All product and operational surfaces,Partially implemented,Some layers exist; workflow not end-to-end.,52af829ae8934a6607c32e1372c55d9f846d2d1b; AGENTS.md; auth/security/media/workflows; clean DB/TS/lint/build/Playwright,AGENTS.md; auth/security/media/workflows,all routes,176 RLS; identity/audit tables,Supabase/Stripe/Netlify,CI/schedules,clean DB/TS/lint/build/Playwright,Durable limits; protected main; staging/recovery,Cross-cutting,Founder/Security/Legal,staging/providers,Harden release/recovery,Phase A,High,Branch/CI/source
WSX-017,"Cross-cutting security, permissions, privacy, and reliability",Webhook verification.,All product and operational surfaces,Partially implemented,Some layers exist; workflow not end-to-end.,52af829ae8934a6607c32e1372c55d9f846d2d1b; AGENTS.md; auth/security/media/workflows; clean DB/TS/lint/build/Playwright,AGENTS.md; auth/security/media/workflows,all routes,176 RLS; identity/audit tables,Supabase/Stripe/Netlify,CI/schedules,clean DB/TS/lint/build/Playwright,Durable limits; protected main; staging/recovery,Cross-cutting,Founder/Security/Legal,staging/providers,Harden release/recovery,Phase A,High,Branch/CI/source
WSX-018,"Cross-cutting security, permissions, privacy, and reliability",Idempotency.,All product and operational surfaces,Partially implemented,Some layers exist; workflow not end-to-end.,52af829ae8934a6607c32e1372c55d9f846d2d1b; AGENTS.md; auth/security/media/workflows; clean DB/TS/lint/build/Playwright,AGENTS.md; auth/security/media/workflows,all routes,176 RLS; identity/audit tables,Supabase/Stripe/Netlify,CI/schedules,clean DB/TS/lint/build/Playwright,Durable limits; protected main; staging/recovery,Cross-cutting,Founder/Security/Legal,staging/providers,Harden release/recovery,Phase A,High,Branch/CI/source
WSX-019,"Cross-cutting security, permissions, privacy, and reliability",Background-job retries.,All product and operational surfaces,Partially implemented,Some layers exist; workflow not end-to-end.,52af829ae8934a6607c32e1372c55d9f846d2d1b; AGENTS.md; auth/security/media/workflows; clean DB/TS/lint/build/Playwright,AGENTS.md; auth/security/media/workflows,all routes,176 RLS; identity/audit tables,Supabase/Stripe/Netlify,CI/schedules,clean DB/TS/lint/build/Playwright,Durable limits; protected main; staging/recovery,Cross-cutting,Founder/Security/Legal,staging/providers,Harden release/recovery,Phase A,High,Branch/CI/source
WSX-020,"Cross-cutting security, permissions, privacy, and reliability",Dead-letter queues.,All product and operational surfaces,Partially implemented,Some layers exist; workflow not end-to-end.,52af829ae8934a6607c32e1372c55d9f846d2d1b; AGENTS.md; auth/security/media/workflows; clean DB/TS/lint/build/Playwright,AGENTS.md; auth/security/media/workflows,all routes,176 RLS; identity/audit tables,Supabase/Stripe/Netlify,CI/schedules,clean DB/TS/lint/build/Playwright,Durable limits; protected main; staging/recovery,Cross-cutting,Founder/Security/Legal,staging/providers,Harden release/recovery,Phase A,High,Branch/CI/source
WSX-021,"Cross-cutting security, permissions, privacy, and reliability",Feature flags.,All product and operational surfaces,Partially implemented,Some layers exist; workflow not end-to-end.,52af829ae8934a6607c32e1372c55d9f846d2d1b; AGENTS.md; auth/security/media/workflows; clean DB/TS/lint/build/Playwright,AGENTS.md; auth/security/media/workflows,all routes,176 RLS; identity/audit tables,Supabase/Stripe/Netlify,CI/schedules,clean DB/TS/lint/build/Playwright,Durable limits; protected main; staging/recovery,Cross-cutting,Founder/Security/Legal,staging/providers,Harden release/recovery,Phase A,High,Branch/CI/source
WSX-022,"Cross-cutting security, permissions, privacy, and reliability",Safe migrations.,All product and operational surfaces,Complete but weak,Real implementation; handoff quality/provider gaps remain.,52af829ae8934a6607c32e1372c55d9f846d2d1b; AGENTS.md; auth/security/media/workflows; clean DB/TS/lint/build/Playwright,AGENTS.md; auth/security/media/workflows,all routes,176 RLS; identity/audit tables,Supabase/Stripe/Netlify,CI/schedules,clean DB/TS/lint/build/Playwright,Durable limits; protected main; staging/recovery,Cross-cutting,Founder/Security/Legal,staging/providers,Harden release/recovery,Phase A,High,Branch/CI/source
WSX-023,"Cross-cutting security, permissions, privacy, and reliability",Rollback procedures.,All product and operational surfaces,Partially implemented,Some layers exist; workflow not end-to-end.,52af829ae8934a6607c32e1372c55d9f846d2d1b; AGENTS.md; auth/security/media/workflows; clean DB/TS/lint/build/Playwright,AGENTS.md; auth/security/media/workflows,all routes,176 RLS; identity/audit tables,Supabase/Stripe/Netlify,CI/schedules,clean DB/TS/lint/build/Playwright,Durable limits; protected main; staging/recovery,Cross-cutting,Founder/Security/Legal,staging/providers,Harden release/recovery,Phase A,High,Branch/CI/source
WSX-024,"Cross-cutting security, permissions, privacy, and reliability",Staging environment.,All product and operational surfaces,Partially implemented,Some layers exist; workflow not end-to-end.,52af829ae8934a6607c32e1372c55d9f846d2d1b; AGENTS.md; auth/security/media/workflows; clean DB/TS/lint/build/Playwright,AGENTS.md; auth/security/media/workflows,all routes,176 RLS; identity/audit tables,Supabase/Stripe/Netlify,CI/schedules,clean DB/TS/lint/build/Playwright,Durable limits; protected main; staging/recovery,Cross-cutting,Founder/Security/Legal,staging/providers,Harden release/recovery,Phase A,High,Branch/CI/source
WSX-025,"Cross-cutting security, permissions, privacy, and reliability",Production monitoring.,All product and operational surfaces,Complete but weak,Real implementation; handoff quality/provider gaps remain.,52af829ae8934a6607c32e1372c55d9f846d2d1b; AGENTS.md; auth/security/media/workflows; clean DB/TS/lint/build/Playwright,AGENTS.md; auth/security/media/workflows,all routes,176 RLS; identity/audit tables,Supabase/Stripe/Netlify,CI/schedules,clean DB/TS/lint/build/Playwright,Durable limits; protected main; staging/recovery,Cross-cutting,Founder/Security/Legal,staging/providers,Harden release/recovery,Phase A,High,Branch/CI/source
WSX-026,"Cross-cutting security, permissions, privacy, and reliability",Dependency vulnerability review.,All product and operational surfaces,Complete but weak,Real implementation; handoff quality/provider gaps remain.,52af829ae8934a6607c32e1372c55d9f846d2d1b; AGENTS.md; auth/security/media/workflows; clean DB/TS/lint/build/Playwright,AGENTS.md; auth/security/media/workflows,all routes,176 RLS; identity/audit tables,Supabase/Stripe/Netlify,CI/schedules,clean DB/TS/lint/build/Playwright,Durable limits; protected main; staging/recovery,Cross-cutting,Founder/Security/Legal,staging/providers,Harden release/recovery,Phase A,High,Branch/CI/source
WSX-027,"Cross-cutting security, permissions, privacy, and reliability",Mobile and browser compatibility.,All product and operational surfaces,Complete but weak,Real implementation; handoff quality/provider gaps remain.,52af829ae8934a6607c32e1372c55d9f846d2d1b; AGENTS.md; auth/security/media/workflows; clean DB/TS/lint/build/Playwright,AGENTS.md; auth/security/media/workflows,all routes,176 RLS; identity/audit tables,Supabase/Stripe/Netlify,CI/schedules,clean DB/TS/lint/build/Playwright,Durable limits; protected main; staging/recovery,Cross-cutting,Founder/Security/Legal,staging/providers,Harden release/recovery,Phase A,High,Branch/CI/source
WSX-028,"Cross-cutting security, permissions, privacy, and reliability",Accessibility checks.,All product and operational surfaces,Partially implemented,Some layers exist; workflow not end-to-end.,52af829ae8934a6607c32e1372c55d9f846d2d1b; AGENTS.md; auth/security/media/workflows; clean DB/TS/lint/build/Playwright,AGENTS.md; auth/security/media/workflows,all routes,176 RLS; identity/audit tables,Supabase/Stripe/Netlify,CI/schedules,clean DB/TS/lint/build/Playwright,Durable limits; protected main; staging/recovery,Cross-cutting,Founder/Security/Legal,staging/providers,Harden release/recovery,Phase A,High,Branch/CI/source
WSX-029,"Cross-cutting security, permissions, privacy, and reliability",Performance testing.,All product and operational surfaces,Partially implemented,Some layers exist; workflow not end-to-end.,52af829ae8934a6607c32e1372c55d9f846d2d1b; AGENTS.md; auth/security/media/workflows; clean DB/TS/lint/build/Playwright,AGENTS.md; auth/security/media/workflows,all routes,176 RLS; identity/audit tables,Supabase/Stripe/Netlify,CI/schedules,clean DB/TS/lint/build/Playwright,Durable limits; protected main; staging/recovery,Cross-cutting,Founder/Security/Legal,staging/providers,Harden release/recovery,Phase A,High,Branch/CI/source
WSX-030,"Cross-cutting security, permissions, privacy, and reliability",Audit export.,All product and operational surfaces,Complete but weak,Real implementation; handoff quality/provider gaps remain.,52af829ae8934a6607c32e1372c55d9f846d2d1b; AGENTS.md; auth/security/media/workflows; clean DB/TS/lint/build/Playwright,AGENTS.md; auth/security/media/workflows,all routes,176 RLS; identity/audit tables,Supabase/Stripe/Netlify,CI/schedules,clean DB/TS/lint/build/Playwright,Durable limits; protected main; staging/recovery,Cross-cutting,Founder/Security/Legal,staging/providers,Harden release/recovery,Phase A,High,Branch/CI/source
WSX-031,"Cross-cutting security, permissions, privacy, and reliability",Large refunds.,All product and operational surfaces,Partially implemented,Some layers exist; workflow not end-to-end.,52af829ae8934a6607c32e1372c55d9f846d2d1b; AGENTS.md; auth/security/media/workflows; clean DB/TS/lint/build/Playwright,AGENTS.md; auth/security/media/workflows,all routes,176 RLS; identity/audit tables,Supabase/Stripe/Netlify,CI/schedules,clean DB/TS/lint/build/Playwright,Durable limits; protected main; staging/recovery,Cross-cutting,Founder/Security/Legal,staging/providers,Harden release/recovery,Phase A,High,Branch/CI/source
WSX-032,"Cross-cutting security, permissions, privacy, and reliability",Permanent salon removal.,All product and operational surfaces,Partially implemented,Some layers exist; workflow not end-to-end.,52af829ae8934a6607c32e1372c55d9f846d2d1b; AGENTS.md; auth/security/media/workflows; clean DB/TS/lint/build/Playwright,AGENTS.md; auth/security/media/workflows,all routes,176 RLS; identity/audit tables,Supabase/Stripe/Netlify,CI/schedules,clean DB/TS/lint/build/Playwright,Durable limits; protected main; staging/recovery,Cross-cutting,Founder/Security/Legal,staging/providers,Harden release/recovery,Phase A,High,Branch/CI/source
WSX-033,"Cross-cutting security, permissions, privacy, and reliability",Irreversible account deletion.,All product and operational surfaces,Partially implemented,Some layers exist; workflow not end-to-end.,52af829ae8934a6607c32e1372c55d9f846d2d1b; AGENTS.md; auth/security/media/workflows; clean DB/TS/lint/build/Playwright,AGENTS.md; auth/security/media/workflows,all routes,176 RLS; identity/audit tables,Supabase/Stripe/Netlify,CI/schedules,clean DB/TS/lint/build/Playwright,Durable limits; protected main; staging/recovery,Cross-cutting,Founder/Security/Legal,staging/providers,Harden release/recovery,Phase A,High,Branch/CI/source
WSX-034,"Cross-cutting security, permissions, privacy, and reliability",Publication of legal policies.,All product and operational surfaces,Partially implemented,Some layers exist; workflow not end-to-end.,52af829ae8934a6607c32e1372c55d9f846d2d1b; AGENTS.md; auth/security/media/workflows; clean DB/TS/lint/build/Playwright,AGENTS.md; auth/security/media/workflows,all routes,176 RLS; identity/audit tables,Supabase/Stripe/Netlify,CI/schedules,clean DB/TS/lint/build/Playwright,Durable limits; protected main; staging/recovery,Cross-cutting,Founder/Security/Legal,staging/providers,Harden release/recovery,Phase A,High,Branch/CI/source
WSX-035,"Cross-cutting security, permissions, privacy, and reliability",Price changes.,All product and operational surfaces,Partially implemented,Some layers exist; workflow not end-to-end.,52af829ae8934a6607c32e1372c55d9f846d2d1b; AGENTS.md; auth/security/media/workflows; clean DB/TS/lint/build/Playwright,AGENTS.md; auth/security/media/workflows,all routes,176 RLS; identity/audit tables,Supabase/Stripe/Netlify,CI/schedules,clean DB/TS/lint/build/Playwright,Durable limits; protected main; staging/recovery,Cross-cutting,Founder/Security/Legal,staging/providers,Harden release/recovery,Phase A,High,Branch/CI/source
WSX-036,"Cross-cutting security, permissions, privacy, and reliability",Product-tax configuration.,All product and operational surfaces,Partially implemented,Some layers exist; workflow not end-to-end.,52af829ae8934a6607c32e1372c55d9f846d2d1b; AGENTS.md; auth/security/media/workflows; clean DB/TS/lint/build/Playwright,AGENTS.md; auth/security/media/workflows,all routes,176 RLS; identity/audit tables,Supabase/Stripe/Netlify,CI/schedules,clean DB/TS/lint/build/Playwright,Durable limits; protected main; staging/recovery,Cross-cutting,Founder/Security/Legal,staging/providers,Harden release/recovery,Phase A,High,Branch/CI/source
WSX-037,"Cross-cutting security, permissions, privacy, and reliability",Changes to payment ownership.,All product and operational surfaces,Partially implemented,Some layers exist; workflow not end-to-end.,52af829ae8934a6607c32e1372c55d9f846d2d1b; AGENTS.md; auth/security/media/workflows; clean DB/TS/lint/build/Playwright,AGENTS.md; auth/security/media/workflows,all routes,176 RLS; identity/audit tables,Supabase/Stripe/Netlify,CI/schedules,clean DB/TS/lint/build/Playwright,Durable limits; protected main; staging/recovery,Cross-cutting,Founder/Security/Legal,staging/providers,Harden release/recovery,Phase A,High,Branch/CI/source
WSX-038,"Cross-cutting security, permissions, privacy, and reliability",Release of sensitive evidence.,All product and operational surfaces,Partially implemented,Some layers exist; workflow not end-to-end.,52af829ae8934a6607c32e1372c55d9f846d2d1b; AGENTS.md; auth/security/media/workflows; clean DB/TS/lint/build/Playwright,AGENTS.md; auth/security/media/workflows,all routes,176 RLS; identity/audit tables,Supabase/Stripe/Netlify,CI/schedules,clean DB/TS/lint/build/Playwright,Durable limits; protected main; staging/recovery,Cross-cutting,Founder/Security/Legal,staging/providers,Harden release/recovery,Phase A,High,Branch/CI/source
WSX-039,"Cross-cutting security, permissions, privacy, and reliability",Ownership changes to third-party profiles.,All product and operational surfaces,Partially implemented,Some layers exist; workflow not end-to-end.,52af829ae8934a6607c32e1372c55d9f846d2d1b; AGENTS.md; auth/security/media/workflows; clean DB/TS/lint/build/Playwright,AGENTS.md; auth/security/media/workflows,all routes,176 RLS; identity/audit tables,Supabase/Stripe/Netlify,CI/schedules,clean DB/TS/lint/build/Playwright,Durable limits; protected main; staging/recovery,Cross-cutting,Founder/Security/Legal,staging/providers,Harden release/recovery,Phase A,High,Branch/CI/source
WSX-040,"Cross-cutting security, permissions, privacy, and reliability",High-risk dispute outcomes.,All product and operational surfaces,Partially implemented,Some layers exist; workflow not end-to-end.,52af829ae8934a6607c32e1372c55d9f846d2d1b; AGENTS.md; auth/security/media/workflows; clean DB/TS/lint/build/Playwright,AGENTS.md; auth/security/media/workflows,all routes,176 RLS; identity/audit tables,Supabase/Stripe/Netlify,CI/schedules,clean DB/TS/lint/build/Playwright,Durable limits; protected main; staging/recovery,Cross-cutting,Founder/Security/Legal,staging/providers,Harden release/recovery,Phase A,High,Branch/CI/source
WSX-041,"Cross-cutting security, permissions, privacy, and reliability",Publication of potentially misleading advertising.,All product and operational surfaces,Partially implemented,Some layers exist; workflow not end-to-end.,52af829ae8934a6607c32e1372c55d9f846d2d1b; AGENTS.md; auth/security/media/workflows; clean DB/TS/lint/build/Playwright,AGENTS.md; auth/security/media/workflows,all routes,176 RLS; identity/audit tables,Supabase/Stripe/Netlify,CI/schedules,clean DB/TS/lint/build/Playwright,Durable limits; protected main; staging/recovery,Cross-cutting,Founder/Security/Legal,staging/providers,Harden release/recovery,Phase A,High,Branch/CI/source
WSX-042,"Cross-cutting security, permissions, privacy, and reliability",Changes to organic ranking standards.,All product and operational surfaces,Partially implemented,Some layers exist; workflow not end-to-end.,52af829ae8934a6607c32e1372c55d9f846d2d1b; AGENTS.md; auth/security/media/workflows; clean DB/TS/lint/build/Playwright,AGENTS.md; auth/security/media/workflows,all routes,176 RLS; identity/audit tables,Supabase/Stripe/Netlify,CI/schedules,clean DB/TS/lint/build/Playwright,Durable limits; protected main; staging/recovery,Cross-cutting,Founder/Security/Legal,staging/providers,Harden release/recovery,Phase A,High,Branch/CI/source
WS00-019,Workstream 0 — Current-state product and codebase audit,"Internal acceptance routes and the local acceptance Supabase fixture are identified as non-production test harnesses, not product completion evidence.","Repository, CI, deployment, engineering operations",Decorative or mocked,Gated fixture/demo only; not production.,52af829ae8934a6607c32e1372c55d9f846d2d1b; AGENTS.md; README.md; package.json; netlify.toml; .github/workflows/*; Run #391; release gate,AGENTS.md; README.md; package.json; netlify.toml; .github/workflows/*,N/A,supabase/migrations/*,GitHub; Netlify; Supabase,CI/migration/deploy workflows,Run #391; release gate,Local clone/worktree unavailable,Audit-only,Founder review,GitHub/Netlify,Review audit,Phase A,High,GitHub/Netlify API + CI logs
WS00-020,Workstream 0 — Current-state product and codebase audit,"Bundled Git tool binaries, git.zip, stale branches and historical one-off workflows are inventoried and distinguished from active product code.","Repository, CI, deployment, engineering operations",Complete but weak,Real implementation; handoff quality/provider gaps remain.,52af829ae8934a6607c32e1372c55d9f846d2d1b; AGENTS.md; README.md; package.json; netlify.toml; .github/workflows/*; Run #391; release gate,AGENTS.md; README.md; package.json; netlify.toml; .github/workflows/*,N/A,supabase/migrations/*,GitHub; Netlify; Supabase,CI/migration/deploy workflows,Run #391; release gate,Local clone/worktree unavailable,Audit-only,Founder review,GitHub/Netlify,Review audit,Phase A,High,GitHub/Netlify API + CI logs
WSX-043,"Cross-cutting security, permissions, privacy, and reliability",The production main branch is protected and requires successful release checks before merge.,All product and operational surfaces,Unsafe,Current behavior conflicts with unresolved high-risk rules.,52af829ae8934a6607c32e1372c55d9f846d2d1b; AGENTS.md; auth/security/media/workflows; clean DB/TS/lint/build/Playwright,AGENTS.md; auth/security/media/workflows,all routes,176 RLS; identity/audit tables,Supabase/Stripe/Netlify,CI/schedules,clean DB/TS/lint/build/Playwright,Durable limits; protected main; staging/recovery,Cross-cutting,Founder/Security/Legal,staging/providers,Harden release/recovery,Phase A,High,Branch/CI/source
WSX-044,"Cross-cutting security, permissions, privacy, and reliability",Documented and runtime environment-variable names are consistent for all providers.,All product and operational surfaces,Unsafe,Current behavior conflicts with unresolved high-risk rules.,52af829ae8934a6607c32e1372c55d9f846d2d1b; AGENTS.md; auth/security/media/workflows; clean DB/TS/lint/build/Playwright,AGENTS.md; auth/security/media/workflows,all routes,176 RLS; identity/audit tables,Supabase/Stripe/Netlify,CI/schedules,clean DB/TS/lint/build/Playwright,Durable limits; protected main; staging/recovery,Cross-cutting,Founder/Security/Legal,staging/providers,Harden release/recovery,Phase A,Medium,Branch/CI/source
WSX-045,"Cross-cutting security, permissions, privacy, and reliability","Acceptance tests use real provider-backed staging for critical payment, map and notification paths rather than only fixtures.",All product and operational surfaces,Partially implemented,Some layers exist; workflow not end-to-end.,52af829ae8934a6607c32e1372c55d9f846d2d1b; AGENTS.md; auth/security/media/workflows; clean DB/TS/lint/build/Playwright,AGENTS.md; auth/security/media/workflows,all routes,176 RLS; identity/audit tables,Supabase/Stripe/Netlify,CI/schedules,clean DB/TS/lint/build/Playwright,Durable limits; protected main; staging/recovery,Cross-cutting,Founder/Security/Legal,staging/providers,Harden release/recovery,Phase A,Medium,Branch/CI/source
